AaronHank,Aaron,Hank,,,1,,,
Abbott K.,Abbott,Kyle,,,,,,
Abdul-JabbarKareem,Abdul-Jabbar,Kareem,,,1,,,UCLA
Abdul-JabbarKarim,Abdul-Jabbar,Karim,,,,,,
Abendschan,Abendschan,,,,,,,
Abiamiri Victor,Abiamiri,Victor,,,,,,
Abid R.,Abid R.,,,,,,,
Achica,Achica,,,,,,,
Acoin Keith,Acoin,Keith,,,,,,
Adams Greg A.,Adams,Greg,,,,,,
Adams John,Adams,John,,,,,,
Adams Sam,Adams,Sam,,,,,,
Adamson Ken,Adamson,Ken,,,,,,
AdderleyHerb,Adderley,Herb,,,1,,,MichiganState
Adickes,Adickes,,,,,,,
Adleman,Adleman,,,,,,,
Afinogenov,Afinogenov,,,,,,,
Afr Tamer,Afr Tamer,,,,,,,
AikmanTroy,Aikman,Troy,,,1,,,UCLA
AingeDanny,Ainge,Danny,,,,,1,BYU
Akers,Akers,,,,,,,
Alantz,Alantz,,,,,,,
Ale,Ale,,,,,,,
Alexander E.,Alexander E.,,,,,,,
Alexander G.C.,Alexander,Grover,Cleveland,,1,,,
Alexeyev,Alexeyev,,,,,,,
Allen Andrew,Allen,Andrew,,,,,,
Allen Armando,Allen,Armando,,,,,,
Allen Bryan,Allen,Bryan,,,,,,
Allen C.,Allen C.,,,,,,,
Allen Chris,Allen,Chris,,,,,,
Allen Damon,Allen,Damon,,,,,,
Allen J.,Allen J.,,,,,,,
Allen P.,Allen P.,,,,,,,
Allen R.,Allen R.,,,,,,,
AllenMarcus,Allen,Marcus,,,1,1,,USC
AllenRay,Allen,Ray,,,,,1,
Allison J.,Allison J.,,,,,,,
Alm,Alm,Jeff,,,,,,NotreDame
AlomarRoberto,Alomar,Roberto,,,1,,,
AlouMoises,Alou,Moises,,,,,1,
Alphin,Alphin,,,,,,,
AlworthLance,Alworth,Lance,,,1,,,Arkansas
AlzadoLyle,Alzado,Lyle,,,,,,
Alzner Karl,Alzner,Karl,,,,,,
Amonte,Amonte,Tony,,,,,,
Anderson Craig,Anderson,Craig,,,,,,
Anderson E.,Anderson E.,,,,,,,
Anderson G.,Anderson G.,,,,,,,
Anderson H.,Anderson H.,,,,,,,
Anderson J.,Anderson J.,,,,,,,
Anderson Ron,Anderson,Ron,,,,,,
AndersonDick,Anderson,Dick,,,,,1,Colorado
AndersonGary,Anderson,Gary,,,,,,
AndersonKen,Anderson,Ken,,,,,,
AndersonSparky,Anderson,Sparky,,,1,,,
AndreychukDave,Andreychuk,Dave,,,1,,,
Andrievski,Andrievski,,,,,,,
Andruski,Andruski,,,,,,,
Andrusyshyn,Andrusyshyn,,,,,,,
Andrysiak,Andrysiak,,,,,,,
Angsman,Angsman,Elmer,,,,,,NotreDame
Anson Cap,Anson,Cap,,,1,,,
Anthony R.,Anthony R.,,,,,,,
Antropov N.,Antropov N.,,,,,,,
Archambeault,Archambeault,,,,,,,
Archer David,Archer,David,,,,,,
ArchibaldNate,Archibald,Nate,,,1,,,UTEP
Arden,Arden,,,,,,,
Arizin,Arizin,Paul,,,1,,,
Arkhipov,Arkhipov,,,,,,,
Armbrister,Armbrister,,,,,,,
Arnett John,Arnett,John,,,,,,
Arnott,Arnott,,,,,,,
Arnzen,Arnzen,,,,,,,
Arrington D.,Arrington D.,,,,,,,
Arrington R.,Arrington R.,,,,,,,
Atkinson S.,Atkinson S.,,,,,,,
Attkinson George III,Attkinson,George,,III,,,,
Au You,Au You,,,,,,,
Aubrey L.,Aubrey L.,,,,,,,
Audette,Audette,,,,,,,
Auld,Auld,,,,,,,
Austin Kent,Austin,Kent,,,,,,
Avery,Avery,Steve,,,,,,
Aydelette,Aydelette,,,,,,,
Aydette,Aydette,,,,,,,
Ayers Ryan,Ayers,Ryan,,,,,,
Babey,Babey,,,,,,,
Babin Noah,Babin,Noah,,,,,,
Bach R.,Bach R.,,,,,,,
Backes David,Backes,David,,,,,,
Backstrom Nicklas,Backstrom,Nicklas,,,,,,
Badaczewski John,Badaczewski,John,,,,,,
Baerga,Baerga,Carlos,,,,,,
BagwellJeff,Bagwell,Jeff,,,1,,,
Bahnuik,Bahnuik,,,,,,,
BaileyChamp,Bailey,Champ,,,1,,,Georgia
Baker B.,Baker B.,,,,,,,
Baker Bill,Baker,Bill,,,,,,
Baker Keith,Baker,Keith,,,,,,
Baker Sam,Baker,Sam,,,,,,
Bakich,Bakich,,,,,,,
Balhom,Balhom,,,,,,,
Balmochnykh,Balmochnykh,,,,,,,
Bando,Bando,Sal,,,,,,
Banks B.,Banks B.,,,,,,,
Banks C.,Banks C.,,,,,,,
Banks G.,Banks G.,,,,,,,
Banks Korey,Banks,Korey,,,,,,
Banks Robert,Banks,Robert,,,,,,
Banks Tom,Banks,Tom,,,,,,
BanksErnie,Banks,Ernie,,,1,,,
Bannister A.,Bannister A.,,,,,,,
Banta,Banta,,,,,,,
Barbaro G.,Barbaro G.,,,,,,,
Barber Bill,Barber,Bill,,,1,,,
BarberTiki,Barber,Tiki,,,,,1,Virginia
Bark,Bark,,,,,,,
Barker L.,Barker L.,,,,,,,
BarkleyCharles,Barkley,Charles,,,1,,,LSU
Barlow,Barlow,,,,,,,
Barnaby,Barnaby,,,,,,,
Barnes,Barnes,,,,,,,
Barnes Jason,Barnes,Jason,,,,,,
Barnes Joe,Barnes,Joe,,,,,,
Barnes Marvin,Barnes,Marvin,,,,,,
Barnes Walter,Barnes,Walter,,,,,,
Barnett R.,Barnett R.,,,,,,,
Barnhorst,Barnhorst,,,,,,,
Barr Terry,Barr,Terry,,,,,,
Barrasso,Barrasso,Tom,,,,,,
Barrett C.,Barrett C.,,,,,,,
Barrett M.,Barrett M.,,,,,,,
Barrie L.,Barrie L.,,,,,,,
Barrie Tyson,Barrie,Tyson,,,,,,
Barrow John,Barrow,John,,,,,,
Barry Rick,Barry,Rick,,,1,,,MiamiFL
Barton G.,Barton G.,,,,,,,
Barwell,Barwell,,,,,,,
Basalgin,Basalgin,,,,,,,
Baseggio D.,Baseggio D.,,,,,,,
Battle Arnaz,Battle,Arnaz,,,,,,NotreDame
Battle Greg,Battle,Greg,,,,,,
Batton,Batton,,,,,,,
Baugh,Baugh,Sammy,,,1,,,TCU
Baumgartner,Baumgartner,,,,,,,
Baumholtz,Baumholtz,,,,,,,
Bavaro Mark,Bavaro,Mark,,,,,1,NotreDame
BaylorElgin,Baylor,Elgin,,,1,,,Seattle
Beagle Jay,Beagle,Jay,,,,,,
Beason,Beason,,,,,,,
Beaty Z.,Beaty,Zelmo,,,1,,,
Beaudoin,Beaudoin,,,,,,,
Beaudoin E.,Beaudoin E.,,,,,,,
Beaumont Neal,Beaumont,Neal,,,,,,
Beaupre,Beaupre,,,,,,,
Beckwith,Beckwith,,,,,,,
Becton,Becton,,,,,,,
Beebe,Beebe,Don,,,,,,
Beech K.,Beech K.,,,,,,,
Beinor,Beinor,,,,,,,
Belfour Ed,Belfour,Ed,,,1,,,
Belhumeur,Belhumeur,,,,,,,
Bell Greg,Bell,Greg,,,,,,
Bell Jorge,Bell,Jorge,,,,,,
Bell Kerwin,Bell,Kerwin,,,,,,
Bell M.,Bell M.,,,,,,,
Bell Mark,Bell,Mark,,,,,,
Bell Rickey,Bell,Rickey,,,,,,USC
Bell Thatcher,Bell,Thatcher,,,,,,
Bellamy Walt,Bellamy,Walter,,,1,,,
Belles,Belles,,,,,,,
Bellows,Bellows,,,,,,,
BenchJohnny,Bench,Johnny,,,1,,,
Bender,Bender,,,,,,,
Bennett C.,Bennett,Cornelius,,,,,,Alabama
Bennett Elmer,Bennett,Elmer,,,,,,
Bennett M.,Bennett M.,,,,,,,
Bennett Paul,Bennett,Paul,,,,,,
Bentley D.,Bentley D.,,,,,,,
Benzinger,Benzinger,,,,,,,
Bercich,Bercich,,,,,,,
Bergkvist S.,Bergkvist S.,,,,,,,
Bergmann P.,Bergmann P.,,,,,,,
BerraYogi,Berra,Yogi,,,1,,,
Berry Bert,Berry,Bert,,,,,,
Bertelli,Bertelli,Angelo,,,,1,,NotreDame
Besena,Besena,,,,,,,
Bets,Bets,,,,,,,
BettisJerome,Bettis,Jerome,,,1,,,NotreDame
BeuerleinSteve,Beuerlein,Steve,,,,,1,NotreDame
Bevacqua,Bevacqua,,,,,,,
Biakabutuka,Biakabutuka,Tim,,,,,,
Bianchi,Bianchi,,,,,,,
BichetteDante,Bichette,Dante,,,,,,
Bighill Adam,Bighill,Adam,,,,,,
BiletnikoffFred,Biletnikoff,Fred,,,1,,,FloridaState
Billingham,Billingham,,,,,,,
Bilodeau B.,Bilodeau B.,,,,,,,
BingDave,Bing,Dave,,,1,,,Syracuse
BirdLarry,Bird,Larry,,,1,,,IndianaState
Biron Mathieu,Biron,Mathieu,,,,,,
Bishop Michael,Bishop,Michael,,,,,,
Bitkowski,Bitkowski,,,,,,,
Blackburn J.,Blackburn J.,,,,,,,
BlackmanRolondo,Blackman,Rolondo,,,,,1,
Blades Brian,Blades,Brian,,,,,,MiamiFL
Blaha M.,Blaha M.,,,,,,,
Blake Rob,Blake,Rob,,,1,,,
BlandaGeorge,Blanda,George,,,1,,,Kentucky
Blanton Robert,Blanton,Robert,,,,,,
Bledsoe C.,Bledsoe C.,,,,,,,
BledsoeDrew,Bledsoe,Drew,,,,,1,Washington
BleierRocky,Bleier,Rocky,,,,,1,NotreDame
BlueVida,Blue,Vida,,,,,,
Bochte,Bochte,,,,,,,
Boeringer,Boeringer,,,,,,,
BoggsWade,Boggs,Wade,,,1,,,
Boguniecki,Boguniecki,Eric,,,,,,
Bohamon,Bohamon,,,,,,,
Boiman Rocky,Boiman,Rocky,,,,,,
Bojovic,Bojovic,,,,,,,
Bolcar,Bolcar,,,,,,,
Boleski,Boleski,,,,,,,
Bombardir,Bombardir,,,,,,,
Bondra Peter,Bondra,Peter,,,,,,
BondsBarry,Bonds,Barry,,,,,1,
BondsBobby,Bonds,Bobby,,,,,,
BonillaBobby,Bonilla,Bobby,,,,,,
Bonk,Bonk,,,,,,,
Boone David,Boone,David,,,,,,
Boone G.,Boone G.,,,,,,,
Boozer,Boozer,,,,,,,
Borschevsky,Borschevsky,,,,,,,
Boryla,Boryla,,,,,,,
Bosseler,Bosseler,,,,,,,
Bossy,Bossy,Mike,,,1,,,
BosticJeff,Bostic,Jeff,,,,,,Clemson
Bottomley,Bottomley,Jim,,,1,,,
Boucher Brian,Boucher,Brian,,,,,,
Boudreau Bruce,Boudreau,Bruce,,,,,,
Boulton E.,Boulton E.,,,,,,,
BoulwarePeter,Boulware,Peter,,,,,,
Bourke Josh,Bourke,Josh,,,,,,
Bourque Chris,Bourque,Chris,,,,,,
Bourque Rene,Bourque,Rene,,,,,,
BourqueRay,Bourque,Ray,,,1,,1,
Bouwmeester,Bouwmeester,,,,,,,
Bowa,Bowa,Larry,,,,,,
Bowers S.,Bowers S.,,,,,,,
Bowie S.,Bowie S.,,,,,,,
Bowman John,Bowman,John,,,,,,
Boyce Ian,Boyce,Ian,,,,,,
Boyd Bob,Boyd,Bobby,,,,,,
Boyd Cory,Boyd Cory,,,,,,,
Boyer K.,Boyer K.,,,,,,,
Boyle Dan,Boyle,Dante,,,,,,
Boynton,Boynton,,,,,,,
Bradford Sam,Bradford,Sam,,,,1,,Oklahoma
Bradley J.,Bradley J.,,,,,,,
Bradley Luther,Bradley,Luther,,,,,,
Bradley Matt,Bradley,Matt,,,,,,
BradleyBill,Bradley,Bill,,,1,,1,Princeton
BradshawTerry,Bradshaw,Terry,,,1,,,LouisianaTech
BradyTom,Brady,Tom,,,,,1,Michigan
Braggins,Braggins,,,,,,,
BranchCliff,Branch,Cliff,,,,,1,Colorado
Brandt,Brandt,Gil,,,1,,,Wisconsin
Branning,Branning,,,,,,,
Branyan R.,Branyan R.,,,,,,,
Brathwaite,Brathwaite,,,,,,,
Bratkowski,Bratkowski,Zeke,,,,,,Georgia
Bray C.,Bray C.,,,,,,,
Brendl,Brendl,,,,,,,
Brennan Colt,Brennan,Colt,,,,,,
Brennan M.,Brennan M.,,,,,,,
Brennan R.,Brennan R.,,,,,,,
Brennan Terry,Brennan,Terry,,,,,,
Bresnahan,Bresnahan,Roger,,,1,,,
BrettGeorge,Brett,George,,,1,,,
Brigley T.,Brigley T.,,,,,,,
Brind'AmourRod,Brind'Amour,Rod,,,,,,
Brind'ArmourRod,Brind'Armour,Rod,,,,,,
Brink Alex,Brink Alex,,,,,,,
Brisco Marlin,Brisco,Marlin,,,,,,
BristerBubby,Brister,Bubby,,,,,,
Brochu M.,Brochu M.,,,,,,,
Brock Dieter,Brock,Dieter,,,,,,
BrockLou,Brock,Lou,,,1,,,
Brodeur Martin,Brodeur,Martin,,,1,,,
BrodieJohn,Brodie,John,,,,,1,
BroduerJohn,Broduer,John,,,,,,
Brokaw Gary,Brokaw,Gary,,,,,,
Brooks B.,Brooks B.,,,,,,,
Brooks Reggie,Brooks,Reggie,,,,,,NotreDame
Brooks Tony,Brooks,Tony,,,,,,
Broten,Broten,Neal,,,,,,
Brousseau P.,Brousseau P.,,,,,,,
Brown Andy,Brown,Andy,,,,,,
Brown Charley,Brown,Charley,,,,,,
Brown Charlie,Brown,Charlie,,,,,,
Brown Dean,Brown,Dean,,,,,,
Brown Dee,Brown,Dee,,,,,,
Brown Derek,Brown,Derek,,,,,,
Brown F.,Brown F.,,,,,,,
Brown Jim,Brown,Jim,,,1,,,Syracuse
Brown K.,Brown,Kevin,,,,,,
Brown Tom,Brown,Tom,,,,,,
Browner Jim,Browner,Jim,,,,,,
Browner Ross,Browner,Ross,,,,,,NotreDame
Browning D.,Browning D.,,,,,,,
BrownLarry,Brown,Larry,,,,,,TCU
BrownRosey,Brown,Rosey,,,1,,,MorganState
Brownschidle Jack,Brownschidle,Jack,,,,,,
BrownTim,Brown,Tim,,,1,1,,NotreDame
Bruce Arland,Bruce,Arland,,,,,,
Bruce I.,Bruce,Isaac,,,,,,
Brune Larry,Brune,Larry,,,,,,
Brunell,Brunell,Mark,,,,,,
Brunnell,Brunnell,Mark,,,,,,
Brute P.,Brute P.,,,,,,,
Bruton David,Bruton,David,,,,,,
Bryant Emmette,Bryant,Emmette,,,,,,
Bryant Junior,Bryant,Junior,,,,,,
Bryant K.,Bryant,Kelvin,,,,,,NorthCarolina
Brylin,Brylin,,,,,,,
BryzgalovIlja,BryzgalovIlja,,,,,,,
Buchanan Ed,Buchanan,Ed,,,,,,
BuchananBuck,Buchanan,Buck,,,1,,,GramblingState
Bucher L.,Bucher L.,,,,,,,
Buckner,Buckner,Bill,,,,,,
BucykJohnny,Bucyk,Johnny,,,1,,,
Budja Peter,Budja,Peter,,,,,,
Buggs D.,Buggs,Danny,,,,,,
BulisJan,Bulis,Jan,,,,,,
Buljin V.,Buljin V.,,,,,,,
Bullock,Bullock,,,,,,,
Bumpas,Bumpas,,,,,,,
BunningJim,Bunning,Jim,,,1,,,
Bunting,Bunting,,,,,,,
BuonicontiNick,Buoniconti,Nick,,,1,,,NotreDame
Bure Pavel,Bure,Pavel,,,1,,,
Bure V.,Bure V.,,,,,,,
Burger,Burger,,,,,,,
Burgmeier,Burgmeier,,,,,,,
Burke S.,Burke,Sean,,,,,,
Burks,Burks,Ellis,,,,,,
Burris,Burris,Jeff,,,,,,NotreDame
Burris Henry,Burris,Henry,,,,,,
Burroughs,Burroughs,,,,,,,
Burroughs Ken,Burroughs,Ken,,,,,,
Bush Barbara,Bush,Barbara,,,,,,
Bush George,Bush,George,,,,,,
Bush George W.,Bush,George,W,,,,,Yale
ButkusDick,Butkus,Dick,,,1,,,Illinois
Butler K.,Butler,Kevin,,,,,,Georgia
Butler M.,Butler M.,,,,,,,
Butsayev,Butsayev,,,,,,,
Buzz,Buzz,,,,,,,
Byakin,Byakin,,,,,,,
Byfuglien Dustin,Byfuglien,Dustin,,,,,,
Bykov,Bykov,,,,,,,
Byner,Byner,,,,,,,
Cabana C.,Cabana C.,,,,,,,
Cahoon Ben,Cahoon,Ben,,,,,,
Calhoun Don,Calhoun,Don,,,,,,
Callahan Ryan,Callahan,Ryan,,,,,,
Callander,Callander,,,,,,,
Caloun J.,Caloun J.,,,,,,,
Calvillo Anthony,Calvillo,Anthony,,,,,,
Camarillo,Camarillo,,,,,,,
Cammalleri Mike,Cammalleri,Mike,,,,,,
Campanella,Campanella,Roy,,,1,,,
Campanella Joe,Campanella,Joe,,,,,,
Campbell Darrell,Campbell,Darrell,,,,,,
Campbell Earl,Campbell,Earl,,,1,1,,Texas
Campbell J.,Campbell,Jeff,,,,,,Colorado
Campbell Jason,Campbell,Jason,,,,,,Auburn
Campbell LT Douglas,Campbell,Douglas,,,,,,
Candelaria,Candelaria,John,,,,,,
Candiotti,Candiotti,Tom,,,,,,
Cangelosi,Cangelosi,,,,,,,
Cannon J.,Cannon,Jack,,,,,,NotreDame
CansecoJose,Canseco,Jose,,,,,1,
Canty,Canty,Chris,,,,,,
Capello Jeff,Capello,Jeff,,,,,,
Carano,Carano,,,,,,,
Carbo,Carbo,,,,,,,
Carbonneau,Carbonneau,Gus,,,1,,,
Cardenas,Cardenas,,,,,,,
CarewRod,Carew,Rod,,,1,,,
Carideo,Carideo,,,,,,,
Carkner,Carkner,Terry,,,,,,
Carlesimo,Carlesimo,,,,,,,
Carlson John,Carlson,John,,,,,,
Carney John,Carney,John,,,,,,
Carney K.,Carney K.,,,,,,,
Carpenter Bobby,Carpenter,Bobby,,,,,,
Carr Austin,Carr,Austin,,,,,,
Carroll Matt,Carroll,Matt,,,,,,
Carruth,Carruth,Rae,,,,,,
Carson H.,Carson,Harry,,,1,,,SouthCarolinaState
Carson Howard,Carson,Howard,,,,,,
Carter Anson,Carter,Anson,,,,,,
Carter Anthony,Carter,Anthony,,,,,,Michigan
Carter Chris,Carter,Cris,,,1,,,OhioState
Carter Gary,Carter,Gary,,,1,,,
Carter K.,Carter K.,,,,,,,
Carter P.,Carter P.,,,,,,,
Carter Tom,Carter,Tom,,,,,,
Carthon M.,Carthon,Maurice,,,,,,
Cartwright Rock,Cartwright,Rock,,,,,,
Casanova,Casanova,Tommy,,,,,,LSU
Case G.,Case G.,,,,,,,
Case M.,Case M.,,,,,,,
Cash D.,Cash D.,,,,,,,
CasperDave,Casper,Dave,,,1,,,NotreDame
Cassata,Cassata,,,,,,,
Cassese,Cassese,,,,,,,
Caster,Caster,,,,,,,
Catan P.,Catan P.,,,,,,,
Cates Wes,Cates,Wes,,,,,,
Cattelan,Cattelan,,,,,,,
Cavanaugh M.,Cavanaugh,Matt,,,,,,PennState
Cavarretta,Cavarretta,Phil,,,,,,
Cechmanek,Cechmanek,,,,,,,
Cedeno,Cedeno,Cesar,,,,,,
Celio N.,Celio N.,,,,,,,
Centers,Centers,,,,,,,
Cepeda,Cepeda,Orlando,,,1,,,
Ceppetelli,Ceppetelli,,,,,,,
Cerrato,Cerrato,,,,,,,
ChamberlainWilt,Chamberlain,Wilt,,,1,,,Kansas
Chambers T.,Chambers T.,,,,,,,
Chambliss,Chambliss,,,,,,,
Chandler C.,Chandler C.,,,,,,,
Chandler Don,Chandler,Don,,,,,,Florida
Chandler W.,Chandler,Wes,,,,,,Florida
Chaney,Chaney,Don,,,,,,
Chappell Len,Chappell,Len,,,,,,
Chartier,Chartier,,,,,,,
Chase K.,Chase K.,,,,,,,
Chavez E.,Chavez E.,,,,,,,
Cheevers,Cheevers,Gerry,,,1,,,
Chelios,Chelios,Chris,,,1,,,
Cheney Richard,Cheney,Richard,,,,,,
Chenier P.,Chenier,Phil,,,,,,
Cherbayev,Cherbayev,,,,,,,
Cherbayev A.,Cherbayev A.,,,,,,,
Chesbro,Chesbro,,,,,,,
Chester Raymond,Chester,Raymond,,,,,,
Chibirev,Chibirev,,,,,,,
Childress,Childress,,,,,,,
Chimera Jason,Chimera,Jason,,,,,,
Chmura,Chmura,Mark,,,,,,
Choate P.,Choate P.,,,,,,,
Chouinard E.,Chouinard E.,,,,,,,
Christensen,Christensen,,,,,,,
Christian Dave,Christian,Dave,,,,,,
Christoff,Christoff,,,,,,,
Chryplewicz,Chryplewicz,,,,,,,
Chubarov,Chubarov,,,,,,,
Ciccarelli,Ciccarelli,Dino,,,1,,,
Cicotte,Cicotte,Eddie,,,,,,
Cirillo M.,Cirillo M.,,,,,,,
Clark Archie,Clark,Archie,,,,,,
Clark Bruce,Clark,Bruce,,,,,,
Clark D.,Clark,Dwight,,,,,,
Clark Don,Clark,Don,,,,,,
Clark Gary,Clark,Gary,,,,,,JamesMadison
Clark M.,Clark M.,,,,,,,
Clark Wendel,Clark,Wendel,,,,,,
Clark Will,Clark,Will,,,,,,
Clark Willie,Clark,Willie,,,,,,
Clasby,Clasby,,,,,,,
Clausen Jimmy,Clausen,Jimmy,,,,,,NotreDame
Clay D.,Clay D.,,,,,,,
Clayborn,Clayborn,,,,,,,
ClemensRoger,Clemens,Roger,,,,,1,
Clement Bill,Clement,Bill,,,,,,
ClementeRoberto,Clemente,Roberto,,,1,,,
Clements,Clements,Tommy,,,,,,
Clemons,Clemons,,,,,,,
Clemons Barry,Clemons,Barry,,,,,,
Clendenon,Clendenon,,,,,,,
Clermont Jason,Clermont,Jason,,,,,,
Climie Ron,Climie,Ron,,,,,,
Cline O.,Cline O.,,,,,,,
Cloud,Cloud,,,,,,,
Cloutier R.,Cloutier R.,,,,,,,
Clowe Ryane,Clowe,Ryane,,,,,,
Cobb,Cobb,Ty,,,1,,,
Cochrane,Cochrane,Mickey,,,1,,,
Code,Code,,,,,,,
Coehoorn Nate,Coehoorn,Nate,,,,,,
Coelman L.,Coelman L.,,,,,,,
Coffey,Coffey,Paul,,,1,,,
Coffey Tommy Joe,Coffey,Tommy Joe,,,,,,
Coffman,Coffman,,,,,,,
Cohen Colby,Cohen,Colby,,,,,,
Colagiacomo,Colagiacomo,,,,,,,
Colavito,Colavito,,,,,,,
Cole Ian,Cole,Ian,,,,,,
Coleman A.,Coleman,Andre,,,,,,
Coleman Monty,Coleman,Monty,,,,,,
Coles L.,Coles L.,,,,,,,
Collier R.,Collier R.,,,,,,,
Collier W.,Collier W.,,,,,,,
Collins C.,Collins C.,,,,,,,
Collins Clarence,Collins,Clarence,,,,,,
Collins Jerome,Collins,Jerome,,,,,,
Collins Sean,Collins,Seaon,,,,,,
Collinsworth Austin,Collinsworth,Austin,,,,,,
Concepcion,Concepcion,Dave,,,,,,
Condra Erik,Condra,Erick,,,,,,
Cone,Cone,David,,,,,,
Conine,Conine,Jeff,,,,,,
Conjar,Conjar,,,,,,,
Conlin Ed,Conlin,Ed,,,,,,
Connolly Tim,Connolly,Tim,,,,,,
Connor George,Connor,George,,,1,,,NotreDame
Cooley Chris,Cooley,Chris,,,,,,UtahState
Cooper B.,Cooper B.,,,,,,,
Cooper Deke,Cooper,Deke,,,,,,
Copeland Jermaine,Copeland,Jermaine,,,,,,
Coppenrath Taylor,Coppenrath,Taylor,,,,,,
Cordelli,Cordelli,,,,,,,
Corker J.,Corker J.,,,,,,,
Cornforth M.,Cornforth M.,,,,,,,
Cornish Jon,Cornish,Jon,,,,,,
Corrall F.,Corrall F.,,,,,,,
Corrigall,Corrigall,,,,,,,
Costa Paul,Costa,Paul,,,,,,
Costello Larry,Costello,Larry,,,,,,
Couburne Avon,Couburne,Avon,,,,,,
Counsell,Counsell,,,,,,,
Counts Johnny,Counts,Johnny,,,,,,
Cournoyer,Cournoyer,,,,,,,
Courtnall R.,Courtnall R.,,,,,,,
Cousineau,Cousineau,,,,,,,
Cousins Kirk,Cousins,Kirk,,,,,,MichiganState
Cousy,Cousy,Bob,,,1,,,HolyCross
Coutre Larry,Coutre,Larry,,,,,,
Coutre Logan,Coutre,Logan,,,,,,
Covernton B.,Covernton B.,,,,,,,
Covington John,Covington,John,,,,,,
CowensDave,Cowens,Dave,,,1,,,FloridaState
Cowhig,Cowhig,,,,,,,
Cowich,Cowich,,,,,,,
Crable,Crable,,,,,,,
Craig Jim,Craig,Jimmy,,,,,,
Craig M.,Craig M.,,,,,,,
Craighead J.,Craighead J.,,,,,,,
Craven,Craven,,,,,,,
Crawford D.,Crawford D.,,,,,,,
Crawford Larry,Crawford,Larry,,,,,,
Crawford M.,Crawford M.,,,,,,,
Creagh Brendan,Creagh,Brendan,,,,,,
Creaney,Creaney,,,,,,,
Crews Tyrone,Crews,Tyrone,,,,,,
Cribbs,Cribbs,Joe,,,,,,Auburn
Critchlow,Critchlow,,,,,,,
Cromartie,Cromartie,Antonio,,,,,,
Cronin,Cronin,Joe,,,1,,,
Cronin Carl,Cronin,Carl,,,,,,
Crosby R.,Crosby R.,,,,,,,
CrosbySydney,Crosby,Sydney,,,,,1,
Cross R.,Cross,Randy,,,,,,UCLA
Crounse,Crounse,,,,,,,
Crowley Jim,Crowley,Jimmy,,,,,,
Crowley T.,Crowley T.,,,,,,,
Crum Jr. Maurice,Crum,Maurice,,Jr,,,,
Crump Richard,Crump,Richard,,,,,,
Cruz H.,Cruz H.,,,,,,,
Cruz J. Jr.,Cruz,Jose,,Jr,,,,
Cruz J. Sr.,Cruz,Jose,,Sr,,,,
Crysdale J.,Crysdale J.,,,,,,,
CsonkaLarry,Csonka,Larry,,,1,,,Syracuse
Cullimore,Cullimore,,,,,,,
Culp,Culp,Curly,,,1,,,ArizonaState
Culpepper,Culpepper,Daunte,,,,,,
Culver Rodney,Culver,Rodney,,,,,,
Cunningham Billy,Cunningham,Billy,,,1,,,
Cuozo,Cuozo,,,,,,,
Cureton Hardiman,Cureton,Hardiman,,,,,,
Curtis Issac,Curtis,Isaac,,,,,,
Curtis Ullyses,Curtis,Ullyses,,,,,,
Cutler,Cutler,,,,,,,
Cyr Barrie,Cyr,Barrie,,,,,,
Czarobski,Czarobski,,,,,,,
Dahl,Dahl,,,,,,,
Daigle,Daigle,,,,,,,
Daigle A.,Daigle A.,,,,,,,
Dalla Riva,Dalla,Riva,,,,,,
Daly,Daly,,,,,,,
Damphousse,Damphousse,,,,,,,
Dampier,Dampier,Louie,,,1,,,
Dancewicz,Dancewicz,,,,,,,
Daniels K.,Daniels K.,,,,,,,
Danielson,Danielson,Gary,,,,,,
Danjean Ernie,Danjean,Ernie,,,,,,
DantleyAdrian,Dantley,Adrian,,,1,,1,NotreDame
Danychuk,Danychuk,,,,,,,
Darnell,Darnell,,,,,,,
Dastillo Gerry,Dastillo,Gerry,,,,,,
Datsyuk Pavel,Datsyuk,Pavel,,,,,,
Dattilio,Dattilio,,,,,,,
Daubach B.,Daubach B.,,,,,,,
Daulton,Daulton,Darren,,,,,,
Davidson Ben,Davidson,Ben,,,,,1,
Davidson John,Davidson,John,,,,,,
Davis A.,Davis A.,,,,,,,
Davis C.,Davis C.,,,,,,,
Davis Glenn,Davis,Glenn,,,,1,,Army
Davis Stephen,Davis,Stephen,,,,,,
Davis Storm,Davis,Storm,,,,,,
Davis Travis,Davis,Travis,,,,,,
Davis Troy,Davis,Troy,,,,,,
Davis Walt,Davis,Walt,,,,,,
Davis Willie,Davis,Willie,,,1,,,
DavisTerrell,Davis,Terrell,,,1,,,Georgia
Dawson D.,Dawson D.,,,,,,,
Dawson Lake,Dawson,Lake,,,,,,
DawsonLen,Dawson,Len,,,1,,,Alabama
Daze,Daze,,,,,,,
De La Rosa Jorge,De La Rosa,Jorge,,,,,,
Deadmarsh,Deadmarsh,,,,,,,
Dean F.,Dean,Fred,,,1,,,LouisianaTech
DeAyala,DeAyala,,,,,,,
DeAyala K.,DeAyala K.,,,,,,,
DeBrujin,DeBrujin,,,,,,,
DeBusschere,DeBusschere,Dave,,,1,,,
DeCinces,DeCinces,Doug,,,,,,
DeJesus,DeJesus,,,,,,,
DeLamielleure,DeLamielleure,Joe,,,1,,,MichiganState
Delaney J.,Delaney J.,,,,,,,
Delmore,Delmore,,,,,,,
Delveaux Jack,Delveaux,Jack,,,,,,
Demitra,Demitra,,,,,,,
Demmerle,Demmerle,,,,,,,
Dempsey George,Dempsey,George,,,,,,
Dempsey Tom,Dempsey,Tommy Joe,,,,,,
Denmark Clarence,Denmark,Clarence,,,,,,
Denson Autry,Denson,Autry,,,,,,
Denson M.,Denson,Moses,,,,,,
Dent B.,Dent B.,,,,,,,
Dent R.,Dent,Richard,,,1,,,TennesseeState
Derouillere,Derouillere,,,,,,,
Desjardins,Desjardins,,,,,,,
Desjardins P.,Desjardins P.,,,,,,,
Detmer,Detmer,Ty,,,,1,,BYU
Deuling M.,Deuling M.,,,,,,,
Devereaux,Devereaux,,,,,,,
Devine,Devine,,,,,,,
DeWalt,DeWalt,,,,,,,
Dial,Dial,,,,,,,
Dickenson Dave,Dickenson,Dave,,,,,,
Dickerson,Dickerson,Eric,,,1,,,SMU
Dickey,Dickey,Bill,,,1,,,
Dickinson Dave,Dickinson,Dave,,,,,,
DiNardo G.,DiNardo G.,,,,,,,
DiNardo L.,DiNardo L.,,,,,,,
Dineen Bill,Dineen Bill,,,,,,,
Dineen G.,Dineen G.,,,,,,,
Dineen K.,Dineen K.,,,,,,,
Dingens,Dingens,,,,,,,
Dinkel T.,Dinkel T.,,,,,,,
Dinkle T.,Dinkle T.,,,,,,,
Dionne,Dionne,,,,,,,
DiPietro,DiPietro,,,,,,,
Dischinger T.,Dischinger T.,,,,,,,
Dixon George,Dixon,George,,,,,,
DobyLarry,Doby,Larry,,,,,,
Doell C.,Doell C.,,,,,,,
Doerger J.,Doerger J.,,,,,,,
Doll Don,Doll,Don,,,,,,
Domi T.,Domi T.,,,,,,,
Donovan,Donovan,Art,,,1,,,
Doran B.,Doran B.,,,,,,,
Dorias,Dorias,,,,,,,
Dorsch,Dorsch,,,,,,,
DorsettTony,Dorsett,Tony,,,1,1,,Pittsburgh
Dorsey Eric,Dorsey,Eric,,,,,,
Doughty Drew,Doughty,Drew,,,,,,
Douglass Bobby,Douglass,Bobby,,,,,,
Dove,Dove,,,,,,,
Doyle D.,Doyle D.,,,,,,,
Draper K.,Draper K.,,,,,,,
Draper Tom,Draper,Tom,,,,,,
Dravecky,Dravecky,,,,,,,
Drazenovich,Drazenovich,,,,,,,
Dressler Weston,Dressler,Weston,,,,,,
Drexler,Drexler,Clyde,,,1,,,Houston
Driessen,Driessen,Dan,,,,,,
Driver Tony,Driver,Tony,,,,,,
Droppa I.,Droppa I.,,,,,,,
Drummond Robert,Drummond,Robert,,,,,,
Drunkenmiller,Drunkenmiller,Jim,,,,,,
Drury Chris,Drury,Chris,,,,,,
Dryden Dave,Dryden,Dave,,,,,,
Dryden Ken,Dryden,Ken,,,,,,
Dryer F.,Dryer,Fred,,,,,,SanDiegoState
DrysdaleDon,Drysdale,Don,,,1,,,
Dubinsky Brandon,Dubinsky,Brandon,,,,,,
DuBose,DuBose,Demetrius,,,,,,NotreDame
Duchene Matt,Duchene,Matt,,,,,,
Ducolon,Ducolon,,,,,,,
Duerden D.,Duerden D.,,,,,,,
Duerson,Duerson,Dave,,,,,1,
Duff Vontez,Duff,Vontez,,,,,,
Duhe,Duhe,,,,,,,
Dukes,Dukes,,,,,,,
Dumars D.,Dumars D.,,,,,,,
Duncan Dennis,Duncan,Dennis,,,,,,
Dunham M.,Dunham M.,,,,,,,
Dunigan,Dunigan,,,,,,,
Dunn,Dunn,,,,,,,
Dunn Adam,Dunn,Adam,,,,,,
Dunn W.,Dunn W.,,,,,,,
Dunwoody,Dunwoody,,,,,,,
Dupere D.,Dupere D.,,,,,,,
Dupree M.,Dupree M.,,,,,,,
Duprere D.,Duprere D.,,,,,,,
Dupuis,Dupuis,Dick,,,,,,NotreDame
Dupuis Philippe,Dupuis,Philippe,,,,,,
Duranko,Duranko,Pete,,,,,,NotreDame
Durant Damion,Durant,Damion,,,,,,
Durie Andre,Durie,Andre,,,,,,
Dushinski,Dushinski,,,,,,,
Dvorak,Dvorak,Radek,,,,,,
Dye Nat,Dye,Nat,,,,,,
Dyer Kelly,Dyer,Kelly,,,,,,
Dykhuis,Dykhuis,,,,,,,
Dykhuis K.,Dykhuis K.,,,,,,,
Dykstra,Dykstra,Len,,,,,,
Dyson K.,Dyson K.,,,,,,,
Dziedzic J.,Dziedzic J.,,,,,,,
Eakin Cody,Eakin,Cody,,,,,,
Eakins D.,Eakins D.,,,,,,,
Earl Glenn,Earl,Glenn,,,,,,
Earl R.,Earl R.,,,,,,,
Early Q.,Early,Quinn,,,,,,
Eason,Eason,Tony,,,,,,
Eatman E.,Eatman E.,,,,,,,
Eatman I.,Eatman I.,,,,,,,
Eaton Mark,Eaton,Mark,,,,,,
Eckersley,Eckersley,Dennis,,,1,,,
Ecuyer Al,Ecuyer,Al,,,,,,
Eddy Nick,Eddy,Nick,,,,,,
Edwards Armanti,Edwards,Armanti,,,,,,
Edwards Marc,Edwards,Marc,,,,,,
Edwards Mike,Edwards,Mike,,,,,,
Edwards T.,Edwards T.,,,,,,,
Edwards Terrence,Edwards,Terrence,,,,,,
Egers J.,Egers J.,,,,,,,
Ehlers Eddie,Ehlers,Eddie,,,,,,
Eichenlaub,Eichenlaub,,,,,,,
Eilers,Eilers,,,,,,,
Eisenreich,Eisenreich,,,,,,,
Ekdahl,Ekdahl,,,,,,,
Elgaard,Elgaard,,,,,,,
Elias Patrick,Elias,Patrick,,,,,,
Elimimian Solomon,Elimimian,Solomon,,,,,,
EllardHenry,Ellard,Henry,,,,,,
Ellery,Ellery,,,,,,,
Elliott Brian,Elliott,Brian,,,,,,
Ellis Clarence,Ellis,Clarence,,,,,,
Ellis LaPhonso,Ellis,LaPhonso,,,,,,
Elomo T.,Elomo T.,,,,,,,
ElwayJohn,Elway,John,,,1,,,Stanford
Emma,Emma,,,,,,,
Enis,Enis,,,,,,,
Ennis Del,Ennis,Del,,,,,,
Epanchintsev V.,Epanchintsev V.,,,,,,,
Epstein M.,Epstein M.,,,,,,,
Erskin John,Erskin,John,,,,,,
ErvingJulius,Erving,Julius,,,1,,,Massachusetts
Esmantovich,Esmantovich,,,,,,,
Esposito Tony,Esposito,Tony,,,1,,,
EspositoPhil,Esposito,Phil,,,1,,,
Eurick,Eurick,,,,,,,
Evans V.,Evans V.,,,,,,,
Evanshen,Evanshen,,,,,,,
Evenson,Evenson,,,,,,,
Everett C.,Everett C.,,,,,,,
Ewing,Ewing,Buck,,,1,,,
Ewing P.,Ewing,Patrick,,,1,,,Georgetown
Face El Roy,Face El Roy,,,,,,,
Fahey Brian,Fahey,Brian,,,,,,
Failla Paul,Failla,Paul,,,,,,
Faine Jeff,Faine,Jeff,,,,,,
Fairholm,Fairholm,,,,,,,
Fallon,Fallon,,,,,,,
Fallon Joe,Fallon,Joe,,,,,,
Fanning Mike,Fanning,Mike,,,,,,
Fantuz Andy,Fantuz,Andy,,,,,,
Farkas J.,Farkas J.,,,,,,,
Farmer Robert,Farmer,Robert,,,,,,
Farrior,Farrior,,,,,,,
Fasano,Fasano,Anthony,,,,,,NotreDame
Fata,Fata,,,,,,,
Faubion,Faubion,,,,,,,
Faught,Faught,,,,,,,
Faust,Faust,,,,,,,
FavreBrett,Favre,Brett,,,1,,,SouthernMiss
Fears,Fears,Tom,,,1,,,
Federko,Federko,,,,,,,
FedorovSergie,Fedorov,Sergie,,,1,,,
Fedotov,Fedotov,,,,,,,
Fehr Eric,Fehr,Eric,,,,,,
Ference Brad,Ference,Brad,,,,,,
Ferguson C.,Ferguson C.,,,,,,,
Ferguson Vagas,Ferguson,Vegas,,,,,,NotreDame
Fernandez A.,Fernandez A.,,,,,,,
Fernandez Mervyn,Fernandez,Mervyn,,,,,,
Ferragamo,Ferragamo,Vince,,,,,,
Ferraro C.,Ferraro C.,,,,,,,
Ferraro P.,Ferraro P.,,,,,,,
Ferraro R.,Ferraro R.,,,,,,,
Ferrone Dan,Ferrone,Dan,,,,,,
Fetisov,Fetisov,Viacheslav,,,1,,,
Fielder,Fielder,Cecil,,,,,,
Fields G.,Fields G.,,,,,,,
Filley,Filley,,,,,,,
Findlay,Findlay,,,,,,,
Finlay M.,Finlay M.,,,,,,,
Finley B.,Finley B.,,,,,,,
Fischer,Fischer,Bill,,,,,,NotreDame
Fisher J.,Fisher J.,,,,,,,
Fisher Tony,Fisher,Tony,,,,,,
Fisk,Fisk,Carlton,,,1,,,
Fitzgerald R.,Fitzgerald R.,,,,,,,
Fitzgerald Ted,Fitzgerald,Ted,,,,,,
Fitzgerald Tom,Fitzgerald,Tom,,,,,,
Fitzkee,Fitzkee,,,,,,,
Fitzpatrick,Fitzpatrick,Rory,,,,,,
Flanagan,Flanagan,,,,,,,
Flanagan M.,Flanagan,Mike,,,,,,
Flanigan,Flanigan,Jim,,,,,,NotreDame
Flannery,Flannery,,,,,,,
Fleischmann Tomas,Fleischmann,Tomas,,,,,,
Fleming D.,Fleming D.,,,,,,,
Fletcher Chuck,Fletcher,Chuck,,,,,,
Fletcher London,Fletcher,London,,,,,,
Fleurima,Fleurima,,,,,,,
Fleury,Fleury,,,,,,,
Flowers,Flowers,,,,,,,
Floyd C.,Floyd C.,,,,,,,
Floyd Michael,Floyd,Michael,,,,,,
Floyd Otis,Floyd,Otis,,,,,,
Flutie Darren,Flutie,Darren,,,,,,
FlutieDoug,Flutie,Doug,,,,1,1,BostonCollege
Foggie,Foggie,,,,,,,
Foli,Foli,,,,,,,
Foos,Foos,,,,,,,
Foote Adam,Foote,Adam,,,,,,
Ford A.,Ford A.,,,,,,,
Ford C.,Ford C.,,,,,,,
Ford Mariet,Ford,Mariet,,,,,,
Forsander,Forsander,,,,,,,
Forsberg Peter,Forsberg,Peter,,,1,,,
Fortunato Joe,Fortunato,Joe,,,,,,
Forwick,Forwick,,,,,,,
Forzani,Forzani,,,,,,,
Forzani Johnny,Forzani,Johnny,,,,,,
FosterGeorge,Foster,George,,,,,,
Fountain M.,Fountain M.,,,,,,,
Foust Larry,Foust,Larry,,,,,,
FoutsDan,Fouts,Dan,,,1,,,Oregon
Fowler Cam,Fowler,Cam,,,,,,
Fowler Dexter,Fowler,Dexter,,,,,,
Fox Irwin,Fox,Irwin,,,,,,
Fox Nellie,Fox,Nellie,,,,,,
Fraiser Tommy,Fraiser,Tommy,,,,,,
Francis Ron,Francis,Ron,,,,,,
Francisco D.,Francisco D.,,,,,,,
Franco B.,Franco B.,,,,,,,
Frank B.,Frank B.,,,,,,,
Franzen Johan,Franzen,Johan,,,,,,
Fraser Cam,Fraser,Cam,,,,,,
Frerotte,Frerotte,Gus,,,,,,
Friesen,Friesen,,,,,,,
Frisch,Frisch,,,,,,,
Frith,Frith,,,,,,,
Fritsch T.,Fritsch T.,,,,,,,
Frolikov,Frolikov,,,,,,,
Frolikov A.,Frolikov A.,,,,,,,
Frolov D.,Frolov D.,,,,,,,
Fryar,Fryar,Irving,,,,,,Nebraska
Frye J.,Frye J.,,,,,,,
Ftorek,Ftorek,,,,,,,
Fuckudome Kosuke,Fuckudome,Kosuke,,,,,,
Fuell D.,Fuell D.,,,,,,,
Fuhr Grant,Fuhr,Grant,,,1,,,
Fuller Johnny,Fuller,Johnny,,,,,,
Fuller W.,Fuller W.,,,,,,,
Furjanic,Furjanic,,,,,,,
Furlong,Furlong,,,,,,,
Fusina,Fusina,,,,,,,
Fusina C.,Fusina C.,,,,,,,
Gabler,Gabler,,,,,,,
Gabriel Tony,Gabriel,Tony,,,,,,
GabrielRoman,Gabriel,Roman,,,,,,
Gaetti,Gaetti,Gary,,,,,,
Gage Bob,Gage,Bob,,,,,,
Gagne Simon,Gagne,Simon,,,,,,
Gagner,Gagner,,,,,,,
Gagner D.,Gagner D.,,,,,,,
Gaines G.,Gaines G.,,,,,,,
Galarraga,Galarraga,Andres,,,,,,
Galchenyuk,Galchenyuk,,,,,,,
Galiardi T.J.,Galiardi,TJ,,,,,,
Galiev Stanislav,Galiev,Stanislav,,,,,,
Gallant G.,Gallant G.,,,,,,,
Gallatin Harry,Gallatin,Harry,,,,,,
Galloway J.,Galloway,Joey,,,,,,
Galloway R.,Galloway R.,,,,,,,
Gambee,Gambee,,,,,,,
Ganchar P.,Ganchar P.,,,,,,,
Gandy Mike,Gandy,Mike,,,,,,
Gann,Gann,,,,,,,
Garcia Jeff,Garcia,Jeff,,,,,,
Garciaparra,Garciaparra,Nomar,,,,,1,
Garner P.,Garner P.,,,,,,,
Garnett Kevin,Garnett,Kevin,,,1,,,
Garpenlov,Garpenlov,Johan,,,,,,
Garr,Garr,,,,,,,
Garrett,Garrett,Mike,,,,1,,
Garrity Pat,Garrity,Pat,,,,,,
Gartner Mike,Gartner,Mike,,,1,,,
Garvey,Garvey,Steve,,,,,,
Gary Herb,Gary,Herb,,,,,,
Gary Keith,Gary,Keith,,,,,,
Garza R.,Garza R.,,,,,,,
Gasser,Gasser,,,,,,,
Gaston,Gaston,,,,,,,
Gatewood,Gatewood,,,,,,,
Gatewood Tom,Gatewood,Tom,,,,,,
Gaudette Andre,Gaudette,Andre,,,,,,
Gaul M.,Gaul M.,,,,,,,
Gauthier S.,Gauthier S.,,,,,,,
Gedman,Gedman,,,,,,,
GehrigLou,Gehrig,Lou,,,1,,,
George Ed,George,Ed,,,,,,
George Eddie,George,Eddie,,,,1,1,OhioState
George Jack,George,Jack,,,,,,
Gerela T.,Gerela T.,,,,,,,
Gerhart Toby,Gerhart,Toby,,,,,,Stanford
Geronimo,Berroa,Geronimo,,,,,,
Getzlaf Chris,Getzlaf,Chris,,,,,,
Getzlaf Ryan,Getzlaf,Ryan,,,,,,
Gianini T.,Gianini T.,,,,,,,
Giardino,Giardino,,,,,,,
Gibbons,Gibbons,,,,,,,
Gibson B.,Gibson,Bob,,,1,,,
Gibson H.,Gibson H.,,,,,,,
Gibson J.,Gibson J.,,,,,,,
Gibson K.,Gibson,Kirk,,,,,,
Gibson Oliver,Gibson,Oliver,,,,,,
Gilbert F.,Gilbert F.,,,,,,,
Gill Aaron,Gill,Aaron,,,,,,
Gill Turner,Gill,Turner,,,,,,
Gillen J.,Gillen J.,,,,,,,
Gillespie,Gillespie,,,,,,,
Gillespie W.,Gillespie W.,,,,,,,
Gilliam Junior,Gilliam,Junior,,,,,,
Gillom Horace,Gillom,Horace,,,,,,
GilmoreArtis,Gilmore,Artis,,,1,,,
Gilmour Doug,Gilmour,Doug,,,,,,
Gionta Brian,Gionta,Brian,,,,,,
GippGeorge,Gipp,George,,,,,,
Girard,Girard,,,,,,,
Givens David,Givens,David,,,,,,
Gladieux,Gladieux,,,,,,,
Glatt J.,Glatt J.,,,,,,,
GlavineTom,Glavine,Tom,,,1,,,
Gleason Tim,Gleason,Tim,,,,,,
Glenn Kevin,Glenn,Kevin,,,,,,
Glenn T.,Glenn,Terry,,,,,,
Globke Bob,Globke,Bob,,,,,,
Goddard E.,Goddard E.,,,,,,,
Goeddeke,Goeddeke,,,,,,,
Goheen,Goheen,,,,,,,
Gola,Gola,Tom,,,1,,,
Goldwater Barry,Goldwater,Barry,,,,,,
Golic Bob,Golic,Bob,,,,,,
Golic Mike,Golic,Mike,,,,,,
Golinsky,Golinsky,,,,,,,
Golsteyn J.,Golsteyn J.,,,,,,,
Golubovsky,Golubovsky,,,,,,,
Gomez Scott,Gomez,Scott,,,,,,
Gonchar,Gonchar,,,,,,,
Gonsoulin  Goose,Gonsoulin,Goose,,,,,,
Gonzalez Carlos,Gonzalez,Carlos,,,,,,
Gonzalez J.,Gonzalez,Juan,,,,,,
GonzalezTony,Gonzalez,Tony,,,1,,,California
Goodrich,Goodrich,Gail,,,1,,,UCLA
Goodspeed,Goodspeed,Joey,,,,,,
Gordan Ira,Gordon,Ira,,,,,,
Gordon Boyd,Gordon,Boyd,,,,,,
Gordon F.,Gordon F.,,,,,,,
Gordon T.,Gordon,Tom,,,,,,
Gore Shawn,Gore,Shawn,,,,,,
Gorman T.,Gorman T.,,,,,,,
Gosselin C.,Gosselin C.,,,,,,,
Gossett J.,Gossett J.,,,,,,,
Gotta Jack,Gotta,Jack,,,,,,
Grabowski Joe,Grabowski,Joe,,,,,,
Grace,Grace,Mark,,,1,,,
Gradel,Gradel,,,,,,,
Graham J.,Graham J.,,,,,,,
Graham K.,Graham K.,,,,,,,
Graham P.,Graham P.,,,,,,,
Graham T.,Graham T.,,,,,,,
Gramitica,Gramitica,,,,,,,
Granato Cammi,Granato,Cammi,,,,,,
Granato T.,Granato T.,,,,,,,
GrangeRed,Grange,Red,,,1,,,Illinois
Grant Horace,Grant,Horace,,,,,,Clemson
Grant Ryan,Grant,Ryan,,,,,,
Grant Ulysses S.,Grant,Ulysses,S,,,,,
Grantham Larry,Grantham,Larry,,,,,,
Grasmanis,Grasmanis,,,,,,,
Gratton,Gratton,,,,,,,
Graves A.,Graves A.,,,,,,,
Gray Herb,Gray,Herb,,,,,,
Gray M.,Gray M.,,,,,,,
Gray Mel,Gray,Mel,,,,,,
Gray Tyrone,Gray,Tyrone,,,,,,
Grbac,Grbac,Elvis,,,,,,
Green Josh,Green,Josh,,,,,,
Green Mark,Green,Mark,,,,,,
Green Mike,Green,Mike,,,,,,
Green Sihugo,Green,Sihugo,,,,,,
Greenberg,Greenberg,Hank,,,1,,,
GreenDarrell,Green,Darrell,,,1,,,TexasA&I
Greene K.,Greene K.,,,,,,,
Greenwell,Greenwell,Mike,,,,,,
Greenwood D.,Greenwood D.,,,,,,,
Greenwood L.C.,Greenwood,LC,,,,,,
Greer Hal,Greer,Hal,,,1,,,
Gregor G.,Gregor G.,,,,,,,
GretzkyWayne,Gretzky,Wayne,,,1,,,
Grier M.,Grier M.,,,,,,,
GrierRosey,Grier,Rosey,,,,,1,
GrieseBob,Griese,Bob,,,1,,,Purdue
GrieveBob,Grieve,Bob,,,,,,
Griffen Archie,Griffen,Archie,,,,1,,
Griffey Jr.Ken,Griffey,Ken,,Jr,1,,,
Griffey Sr.Ken,Griffey,Ken,,Sr,,,,
Griffin A.,Griffin A.,,,,,,,
Griffin III Robert,Griffin,Robert,,III,,1,,Baylor
Grimm,Grimm,,,,,,,
Grimm Russ,Grimm,Russ,,,1,,,Pittsburgh
Grimsley,Grimsley,,,,,,,
Grissom,Grissom,Marquis,,,,,,
GroganSteve,Grogan,Steve,,,,,1,
Gronman T.,Gronman T.,,,,,,,
Gronvall J.,Gronvall J.,,,,,,,
Groom,Groom,,,,,,,
Grote,Grote,,,,,,,
Grove,Grove,Lefty,,,1,,,
Gruber B.,Gruber B.,,,,,,,
Grunhard,Grunhard,Tim,,,,,,NotreDame
Guerin B.,Guerin B.,,,,,,,
Guerrero Vladimir,Guerrero,Vladimir,,,1,,,
Guess M.,Guess M.,,,,,,,
Guglielmi,Guglielmi,Ralph,,,,,,NotreDame
Guillen J.,Guillen J.,,,,,,,
Guindon Robert,Guindon,Robert,,,,,,
Gullett,Gullett,,,,,,,
Guolla S.,Guolla S.,,,,,,,
Gusarov,Gusarov,,,,,,,
Gusmanov R.,Gusmanov R.,,,,,,,
Gustaffson,Gustaffson,,,,,,,
GuyRay,Guy,Ray,,,1,,,SouthernMississippi
GwynnTony,Gwynn,Tony,,,1,,,
Habig Neil,Habig,Neil,,,,,,
Hackett,Hackett,,,,,,,
Hackett B.,Hackett B.,,,,,,,
Hackett Joey,Hackett,Joey,,,,,,
Haden,Haden,Pat,,,,,,
HadlJohn,Hadl,John,,,,,,
Haines,Haines,Jesse,,,0,,,
Hairston,Hairston,,,,,,,
Halak Jaroslav,Halak,Jaroslav,,,,,,
Halas,Halas,George,,,1,,,Illinois
Hale Bruce,Hale,Bruce,,,,,,
Hall T.,Hall T.,,,,,,,
Halpern Jeff,Halpern,Jeff,,,,,,
Halter,Halter,,,,,,,
Ham Tracy,Ham,Tracy,,,,,,
Hamilton B.,Hamilton B.,,,,,,,
HamJack,Ham,Jack,,,1,,,PennState
Hammell Jason,Hammell,Jason,,,,,,
Hampton Willie,Hampton,Willie,,,,,,
Hamrlik,Hamrlik,,,,,,,
Hannan Scott,Hannan,Scott,,,,,,
HanrattyTerry,Hanratty,Terry,,,,,,NotreDame
Hanson Christian,Hanson,Christian,,,,,,
Hanspard,Hanspard,,,,,,,
Hanzlik,Hanzlik,,,,,,,
Harangody,Harangody,Luke,,,,,,NotreDame
Hardaway A.,Hardaway,Anfernee,,,,,,
Harder M.,Harder M.,,,,,,,
Hardy,Hardy,,,,,,,
Harkins M.,Harkins M.,,,,,,,
Harper D.,Harper D.,,,,,,,
Harper J.,Harper J.,,,,,,,
Harper Tony,Harper,Tony,,,,,,
Harper W.,Harper W.,,,,,,,
HarperBryce,Harper,Bryce,,,,,1,
Harrah,Harrah,Toby,,,,,,
Harrell,Harrell,,,,,,,
Harrell J.,Harrell J.,,,,,,,
Harrell S.,Harrell S.,,,,,,,
Harrington E.,Harrington E.,,,,,,,
Harris Andrew,Harris,Andrew,,,,,,
Harris L.,Harris L.,,,,,,,
Harris M.L.,Harris M.L.,,,,,,,
Harris Major,Harris,Major,,,,,,
Harris Ryan,Harris,Ryan,,,,,,
Harris W.,Harris W.,,,,,,,
Harris Wayne,Harris,Wayne,,,,,,
HarrisFranco,Harris,Franco,,,1,,,PennState
Harrison H.,Harrison H.,,,,,,,
Harrison Herman,Harrison,Herman,,,,,,
Harrison S.,Harrison S.,,,,,,,
Hart J.,Hart J.,,,,,,,
Hart Leon,Hart,Leon,,,,1,,NotreDame
Hartley K.,Hartley K.,,,,,,,
Harvey M.,Harvey M.,,,,,,,
Harvey P.,Harvey P.,,,,,,,
Hasek Dominik,Hasek,Dominik,,,1,,,
Haskins Clem,Haskins,Clem,,,,,,
Hassett,Hassett,,,,,,,
Hatcher D.,Hatcher D.,,,,,,,
Hatcher Kevin,Hatcher,Kevin,,,,,,
HavlicekJohn,Havlicek,John,,,1,,,
Hawerchuk,Hawerchuk,Dale,,,1,,,
Hawkins Connie,Hawkins,Connie,,,1,,1,
Hawkins M.,Hawkins M.,,,,,,,
Hawkins Rip,Hawkins,Rip,,,,,,
Hawkins Tom,Hawkins,Tom,,,,,,
Hawpe Brad,Hawpe,Brade,,,,,,
Hay D.,Hay D.,,,,,,,
HayesBob,Hayes,Bob,,,1,,,FloridaA&M
HayesElvin,Hayes,Elvin,,,1,,,Houston
Haynes J.,Haynes J.,,,,,,,
Hayward R.,Hayward R.,,,,,,,
Haywood Spencer,Haywood,Spencer,,,1,,,
Hazzard,Hazzard,,,,,,,
Healy T.,Healy T.,,,,,,,
Heap Joe,Heap,Joe,,,,,,
Heater,Heater,,,,,,,
Heatley D.,Heatley D.,,,,,,,
Heavens,Heavens,,,,,,,
Hebert,Hebert,,,,,,,
Hebert B.,Hebert B.,,,,,,,
Hebert G.,Hebert G.,,,,,,,
Heck Andy,Heck,Andy,,,,,,NotreDame
Hedberg Andres,Hedberg,Andres,,,,,,
Hedberg J.,Hedberg J.,,,,,,,
Hedican,Hedican,,,,,,,
Hedman Victor,Hedman,Victor,,,,,,
Heerema J.,Heerema J.,,,,,,,
Hegarty Matthew,Hegarty,Matthew,,,,,,
Heigthon,Heigthon,,,,,,,
Heilman Aaron,Heilman,Aaron,,,,,,
Heinsohn,Heinsohn,Tommy,,,1,,1,
Heisten B.,Heisten B.,,,,,,,
Hejduk Milan,Hejduk,Milan,,,,,,
Heldt,Heldt,,,,,,,
Helms Tommy,Helms,Tommy,,,,,,
Helton,Helton,,,,,,,
Helton John,Helton,John,,,,,,
Helton Todd,Helton,Tod,,,,,,
Henderson W.,Henderson W.,,,,,,,
Hendrick G.,Hendrick G.,,,,,,,
Hendricks Matt,Hendricks,Matt,,,,,,
Hendrickson,Hendrickson,,,,,,,
Henley,Henley,,,,,,,
Henley Garney,Henley,Garney,,,,,,
Henrich M.,Henrich M.,,,,,,,
Henrich T.,Henrich T.,,,,,,,
Hentrich,Hentrich,,,,,,,
Herman Bill,Herman,Bill,,,,,,
Hernadez K.,Hernadez K.,,,,,,,
Hernandez Livan,Hernandez,Livan,,,,,,
Herron G.,Herron G.,,,,,,,
Herron M.,Herron M.,,,,,,,
Hersh H.,Hersh H.,,,,,,,
Higgins J.,Higgins J.,,,,,,,
Highbaugh Larry,Highbaugh,Larry,,,,,,
Hilbert B.,Hilbert B.,,,,,,,
Hill G.,Hill,Grant,,,1,,,Duke
Hill Jack,Hill,Jack,,,,,,
Hill Jimmy,Hill,Jimmy,,,,,,
Hiller Jonas,Hiller,Jonas,,,,,,
Hilliard,Hilliard,,,,,,,
Hinton Tom,Hinton,Tom,,,,,,
Hirsch C.,Hirsch C.,,,,,,,
Hnilicka,Hnilicka,,,,,,,
Ho,Ho,,,,,,,
Hobson B.,Hobson B.,,,,,,,
Hodson,Hodson,,,,,,,
Hoerner Dick,Hoerner,Dick,,,,,,
Hoffman D.,Hoffman D.,,,,,,,
Hoffman N.,Hoffman N.,,,,,,,
Hogan Frank,Hogan,Frank,,,,,,
Hohensee,Hohensee,,,,,,,
Hohman,Hohman,,,,,,,
Holden,Holden,,,,,,,
Holiday Carlyle,Holiday,Carlyle,,,,,,
HolikBobby,Holik,Bobby,,,,,,
Hollimon Joe,Hollimon,Joe,,,,,,
Holloway Condredge,Holloway,Condedge,,,,,,
Holloway D.,Holloway D.,,,,,,,
Holloway Jabbari,Holloway,Jabbari,,,,,,
Holm,Holm,,,,,,,
Holmes Greg,Holmes,Gred,,,,,,
Holmes J.,Holmes J.,,,,,,,
Holmes Mike,Holmes,Mike,,,,,,
Holmes Pat,Holmes,Pat,,,,,,
Holohan,Holohan,Pete,,,,,,NotreDame
Holos Jonas,Holos,Jonas,,,,,,
Holt T.,Holt T.,,,,,,,
Holtby Braden,Holtby,Braden,,,,,,
Holtz Lou,Holtz ,Lou,,,,,,
Holtz S.,Holtz S.,,,,,,,
Holup Joe,Holup,Joe,,,,,,
Holzinger,Holzinger,,,,,,,
Homer Sonny,Homer,Sonny,,,,,,
Hook Tim,Hook,Tim,,,,,,
Hooton,Hooton,Burt,,,,,,
Hornsby,Hornsby,Rogers,,,,,,
HornungPaul,Hornung,Paul,,,1,1,,NotreDame
Hosmer George,Hosmer,George,,,,,,
Hossa Marian,Hossa,Marian,,,,,,
Houberg Bob,Houberg,Bob,,,,,,
Hough C.,Hough C.,,,,,,,
Hough M.,Hough M.,,,,,,,
Houmard,Houmard,,,,,,,
House Rick,House,Rick,,,,,,
Housley,Housley,,,,,,,
HoustonKen,Houston,Ken,,,1,,,PrairieView
Howard E.,Howard E.,,,,,,,
Howard F.,Howard,Frank,,,,,,
Howard Greg,Howard,Greg,,,,,,
Howard-Johnson,Johnson,Howard,,,,,,
Howe S.,Howe S.,,,,,,,
HoweGordie,Howe,Gordie,,,1,,,
HoweMark,Howe,Mark,,,1,,,
Howes,Howes,,,,,,,
Hoyt L.,Hoyt L.,,,,,,,
Hrbek,Hrbek,Kent,,,,,,
Huard B.,Huard,Brock,,,,,,
Huarte,Huarte,John,,,,1,,NotreDame
Hudson,Hudson,,,,,,,
Hudson Lou,Hudson,Lou,,,,,,
Huffman D.,Huffman D.,,,,,,,
Huffman T.,Huffman T.,,,,,,,
HuffSam,Huff,Sam,,,1,,,WestVirginia
Hufnagel,Hufnagel,,,,,,,
Hughes E.,Hughes E.,,,,,,,
Hughes R.,Hughes R.,,,,,,,
Hull J.,Hull J.,,,,,,,
HullBobby,Hull,Bobby,,,1,,,
HullBrett,Hull,Brett,,,1,,,
Humphrey Ryan,Humphrey,Ryan,,,,,,
Hunsperger,Hunsperger,,,,,,,
Hunt Aaron,Hunt,Aaron,,,,,,
Hunter Art,Hunter,Art,,,,,,
Hunter Dale,Hunter,Dale,,,,,,
Hunter Javin,Hunter,Javin,,,,,,
Hunter Tony,Hunter,Tony,,,,,,
Hutchins Mel,Hutchins,Mel,,,,,,
Huther,Huther,,,,,,,
Hyde G.,Hyde G.,,,,,,,
Iafrate,Iafrate,,,,,,,
Iginla Jarome,Iginla,Jarome,,,,,,
Ignatjev,Ignatjev,,,,,,,
Ilyin,Ilyin,,,,,,,
Imes C.,Imes C.,,,,,,,
Inman Dontrell,Inman,Dontrell,,,,,,
Iorg G.,Iorg,Garth,,,,,,
Irabu,Irabu,,,,,,,
Irbe,Irbe,,,,,,,
Ireland G.,Ireland G.,,,,,,,
Irvin Monte,Irvin,Monte,,,,,,
Irvin S.,Irvin S.,,,,,,,
IrvinMichael,Irvin,Michael,,,1,,,MiamiFL
Irwin Brayden,Irwin,Brayden,,,,,,
Ismail Raghib,Ismail,Raghib,,,,,,
Israelson,Israelson,,,,,,,
Issel,Issel,Danny,,,1,,,
Izo George,Izo,George,,,,,,
J.C. Sherritt,Sherritt,JC,,,,,,
Jablonski P.,Jablonski P.,,,,,,,
Jackson Bo,Jackson,Bo,,,,1,1,Auburn
Jackson Danny,Jackson,Danny,,,,,,
Jackson Don,Jackson,Don,,,,,,
Jackson Glenn,Jackson,Glenn,,,,,,
Jackson Jarious,Jackson,Jarious,,,,,,
Jackson K.,Jackson K.,,,,,,,
Jackson Michael,Jackson,Michael,,,,,,
Jackson Paris,Jackson,Paris,,,,,,
Jackson Parris,Jackson,Parris,,,,,,
Jackson Russ,Jackson,Russ,,,,,,
Jackson Ryan,Jackson,Ryan,,,,,,
Jackson Tracy,Jackson,Tracy,,,,,,
JacksonReggie,Jackson,Reggie,,,1,,,
Jacobs,Jacobs,,,,,,,
JacobyJoe,Jacoby,Joe,,,,,,
JagrJaromir,Jagr,Jaromir,,,,,1,
Jakopin,Jakopin,,,,,,,
Jaks P.,Jaks P.,,,,,,,
James C.,James C.,,,,,,,
James E.,James E.,,,,,,,
James F.,James F.,,,,,,,
Jandric,Jandric,,,,,,,
Jansen Jon,Jansen,Jon,,,,,,Michigan
Janzen Henry,Janzen,Henry,,,,,,
Jardine R.,Jardine R.,,,,,,,
Jarosz,Jarosz,,,,,,,
Jarrell,Jarrell,,,,,,,
Jeffcoat,Jeffcoat,,,,,,,
Jefferies G.,Jefferies G.,,,,,,,
Jefferson Reggie,Jefferson,Reggie,,,,,,
Jenkins,Jenkins,,,,,,,
Jenkins Jonathan,Jenkins,Jonathan,,,,,,
Jennings,Jennings,,,,,,,
Jensen,Jensen,,,,,,,
Jeter,Jeter,,,,,,,
Jimenez Ubaldo,Jimenez,Ubaldo,,,,,,
Johansson C.,Johansson C.,,,,,,,
Johansson Marcus,Johansson,Marcus,,,,,,
Johnson Alondra,Johnson,Alondra,,,,,,
Johnson Anthony,Johnson,Anthony,,,,,,
Johnson Bill,Johnson,Bill,,,,,,
Johnson Billy,Johnson,Billy,,,,,,
Johnson Brad,Johnson,Braden,,,,,,
Johnson Brent,Johnson,Brent,,,,,,
Johnson Charles,Johnson,Charles,,,,,,
Johnson Clint,Johnson,Clint,,,,,,
Johnson Craig,Johnson,Craig,,,,,,
Johnson Dennis,Johnson,Dennis,,,1,,,
Johnson Erik,Johnson,Erik,,,,,,
Johnson G.,Johnson G.,,,,,,,
Johnson Greg,Johnson,Greg,,,,,,
Johnson Gus,Johnson,Gus,,,1,,,
Johnson H.,Johnson H.,,,,,,,
Johnson Jack,Johnson,Jack,,,,,,
Johnson John Henry,Johnson,John Henry,,,,,,
Johnson Jovon,Johnson,Jovon,,,,,,
Johnson Kevin,Johnson,Kevin,,,,,1,
Johnson Keyshawn,Johnson,Keyshawn,,,,,,
Johnson L.,Johnson L.,,,,,,,
Johnson Magic,Johnson,Magic,,,1,,,MichiganState
Johnson Malcolm,Johnson,Malcom,,,,,,
Johnson Mark,Johnson,Mark,,,,,,
Johnson Neil,Johnson,Neil,,,0,,,
Johnson Nick,Johnson,Nick,,,,,,
Johnson Randy,Johnson,Randy,,,1,,,
Johnson Richard,Johnson,Richard,,,,,,
Johnson Ron,Johnson,Ron,,,,,,
Johnson Ryan,Johnson,Ryan,,,,,,
Johnson Trumaine,Johnson,Trumaine,,,,,,
Johnson Vaughn,Johnson,Vaughn,,,,,,
Johnson W.,Johnson,Walter,,,1,,,
Johnson Will,Johnson,,,,,,,
Johnston E.,Johnston E.,,,,,,,
Joiner,Joiner,Charlie,,,1,,,Grambling
Jokela,Jokela,,,,,,,
Jokinen Olli,Jokinen,Olli,,,,,,
Joly,Joly,,,,,,,
Jonas,Jonas,,,,,,,
Jones Andre,Jones,Andres,,,,,,
Jones Askia,Jones,Askia,,,,,,
Jones Collis,Jones,Collis,,,,,,
Jones David,Jones,David,,,,,,
Jones Ed,Jones,Ed,,,1,,,TennesseeState
Jones Joey,Jones,Joey,,,,,,
Jones Julius,Jones,Julius,,,,,,
Jones K.C.,Jones,KC,,,1,,,
Jones Khari,Jones,Khari,,,,,,
Jones Randy,Jones,Randy,,,,,,
Jones Sam,Jones,Sam,,,1,,,
Jones Stan,Jones,Stan,,,,,,
JonesChipper,Jones,Chipper,,,1,,,
Jordan E.,Jordan E.,,,,,,,
JordanMichael,Jordan,Michael,,,1,,,NorthCarolina
Joseph Curtis,Joseph,Curtis,,,,,,
Joseph Kerry,Joseph,Kerry,,,,,,
Jovanovski,Jovanovski,Ed,,,,,,
Joyner,Joyner,Seth,,,,,,
Joyner W.,Joyner W.,,,,,,,
Juden,Juden,,,,,,,
Judges,Judges,,,,,,,
Juneau,Juneau,,,,,,,
Junker J.,Junker J.,,,,,,,
JurgensenSonny,Jurgensen,Sonny,,,1,,,Duke
Jurkovic Mirko,Jurkovic,Mirko,,,,,,
JusticeCharlie,Justice,Charlie,,,,,,
Justin K.,Justin K.,,,,,,,
Jyles Steven,Jyles,Steven,,,,,,
Kaat,Kaat,Jim,,,,,,
Kaberle K.,Kaberle K.,,,,,,,
Kacert Chad,Kacert,Chad,,,,,,
Kadish,Kadish,,,,,,,
Kaline,Kaline,Al,,,,,,
Kamensky,Kamensky,,,,,,,
Kane Evander,Kane,Evander,,,,,,
Kane Patrick,Kane,Patrick,,,,,,
Kapanen,Kapanen,,,,,,,
Kapkaikin,Kapkaikin,,,,,,,
KappJoe,Kapp,Joe,,,,,1,
Karcz Zeno,Karcz,Zeon,,,,,,
Kariya Paul,Kariya,Paul,,,,,,
Kariya S.,Kariya S.,,,,,,,
Karlsson Henrik,Karlsson,Henrik,,,,,,
Karpov,Karpov,,,,,,,
Karpovtsev,Karpovtsev,,,,,,,
Karras,Karras,Alex,,,,,1,
Kasparaitis,Kasparaitis,,,,,,,
Katolin,Katolin,,,,,,,
Keel,Keel,,,,,,,
Keeling,Keeling,,,,,,,
Keeling Jerrry,Keeling,Jerrry,,,,,,
Kehoe Sean,Kehoe,Seaon,,,,,,
Keith Duncan,Keith,Duncan,,,,,,
Kell George,Kell,George,,,,,,
Kelly Brian,Kelly,Brian,,,,,,
Kelly E.,Kelly E.,,,,,,,
Kelly George,Kelly,George,,,,,,
Kelly R.,Kelly,Roberto,,,,,,
Kelly Red,Kelly,Red,,,,,,
KellyJim,Kelly,Jim,,,1,,,MiamiFL
Kemp Jimmy,Kemp,Jimmy,,,,,,
KempJack,Kemp,Jack,,,,,1,
Kempton,Kempton,,,,,,,
Kenney B.,Kenney B.,,,,,,,
Keogan Maurry,Keogan,Maurry,,,,,,
Kepley Dan,Kepley,Dan,,,,,,
Kerch,Kerch,,,,,,,
Kerr Red,Kerr,Red,,,,,,
Kerrigan,Kerrigan,Ryan,,,,,,
Kesler Ryan,Kesler,Ryan,,,,,,
Kessel Phil,Kessel,Phil,,,,,,
Key,Key,,,,,,,
Key Larry,Key,Larry,,,,,,
Khabibulin,Khabibulin,,,,,,,
Kharin,Kharin,,,,,,,
Kharitonov,Kharitonov,,,,,,,
Kharlamov,Kharlamov,,,,,,,
Khloptonov,Khloptonov,,,,,,,
Khmiliov,Khmiliov,,,,,,,
Khomutov,Khomutov,,,,,,,
Kidd T.,Kidd,Trevor,,,,,,
Kiel Blair,Kiel,Blair,,,,,,
Kiel Gunner,Kiel,Gunner,,,,,,
KiickJim,Kiick,Jim,,,,,,
Kiley,Kiley,,,,,,,
KillebrewHarmon,Killebrew,Harmon,,,,,,
Killian,Killian,,,,,,,
Kilroy F.,Kilroy F.,,,,,,,
King H.,King H.,,,,,,,
King Shaun,King,Shaun,,,,,,
Kiprusoff M.,Kiprusoff M.,,,,,,,
Kiprusoff Marko,Kiprusoff,Marko,,,,,,
Kizer N.,Kizer N.,,,,,,,
Klatt,Klatt,,,,,,,
Klier,Klier,,,,,,,
Klimovich,Klimovich,,,,,,,
Kluszewski,Kluszewski,,,,,,,
Knight C.,Knight C.,,,,,,,
Knight T.,Knight T.,,,,,,,
Knight Toby,Knight,Toby,,,,,,
Knoblauch,Knoblauch,Chuck,,,,,,
Knox G.,Knox G.,,,,,,,
Knuble Mike,Knuble,Mike,,,,,,
Koivu,Koivu,,,,,,,
Koivu Mikko,Koivu,Mikko,,,,,,
Koivu Saku,Koivu,Saku,,,,,,
Kolzig Olaf,Kolzig,Olaf,,,,,,
Konowalchuk,Konowalchuk,,,,,,,
Konstantinov,Konstantinov,,,,,,,
Kopitar Anze,Kopitar,Anze,,,,,,
Kopot A.,Kopot A.,,,,,,,
Kordas,Kordas,,,,,,,
Koroktov,Koroktov,,,,,,,
Korolev E.,Korolev E.,,,,,,,
Korolyuk A.,Korolyuk A.,,,,,,,
Korotkov K.,Korotkov K.,,,,,,,
Kosar,Kosar,Bernie,,,,,,MiamiFL
Kosid,Kosid,,,,,,,
Kostichkin,Kostichkin,,,,,,,
Kotsay,Kotsay,,,,,,,
Koufax,Koufax,Sandy,,,1,,,
Kovalev Alexie,Kovalev,Alexie,,,,,,
Kovalyov,Kovalyov,,,,,,,
Kowalkowski Scott,Kowalkowski,Scott,,,,,,
Kozlov Slava,Kozlov,Slava,,,,,,
Kozlov Viktor,Kozlov,Viktor,,,,,,
Krause Moose,Krause,Moose,,,,,,
Kravchuk,Kravchuk,,,,,,,
Kravets,Kravets,,,,,,,
Krimm,Krimm,,,,,,,
Krivchenkov A.,Krivchenkov A.,,,,,,,
Krivokrasov,Krivokrasov,,,,,,,
Krouse,Krouse,,,,,,,
Kruger Oscar,Kruger,Oscar,,,,,,
Kruk,Kruk,John,,,,,,
Krupp,Krupp,,,,,,,
Kruse,Kruse,,,,,,,
Kryskow,Kryskow,,,,,,,
Krzyzewski,Krzyzewski,,,,,,,
Kuba F.,Kuba,Filip,,,,,,
KuechenbergBob,Kuechenberg,Bob,,,,,,
Kuehn A.,Kuehn A.,,,,,,,
Kuenn,Kuenn,,,,,,,
Kugler P.,Kugler P.,,,,,,,
Kuharich,Kuharich,,,,,,,
Kuntz Bobby,Kuntz,Bobby,,,,,,
Kunz George,Kunz,George,,,,,,
Kurashov K.,Kurashov K.,,,,,,,
Kurri Jari,Kurri,Jari,,,,,,
Kurth,Kurth,,,,,,,
Kurz Rob,Kurz,Rob,,,,,,
Kuzminsky A.,Kuzminsky A.,,,,,,,
Kvartalinov,Kvartalinov,,,,,,,
Kvartalnov,Kvartalnov,,,,,,,
Kvasha,Kvasha,Oleg,,,,,,
Laatikainen,Laatikainen,,,,,,,
Lachance S.,Lachance S.,,,,,,,
Lachemann M.,Lachemann M.,,,,,,,
Lachey,Lachey,Jim,,,,,,
Lacroix,Lacroix,,,,,,,
Lacy K.,Lacy K.,,,,,,,
Lacy L.,Lacy,Lee,,,,,,
Lafleur,Lafleur,Guy,,,1,,,
LaFontaine,LaFontaine,Pat,,,1,,,
Laframboise,Laframboise,,,,,,,
Lagenbrunner,Lagenbrunner,,,,,,,
LaGrone,LaGrone,,,,,,,
Laich Brooks,Laich Brooks,,,,,,,
LaimbeerBill,Laimbeer,Bill,,,,,1,
Laird B.,Laird B.,,,,,,,
Laird S.,Laird S.,,,,,,,
Lambeau,Lambeau,Curly,,,1,,,NotreDame
Lambert L.,Lambert L.,,,,,,,
LambertJack,Lambert,Jack,,,1,,,KentState
LamonicaDaryl,Lamonica,Daryl,,,,,,
Lancaster Ron,Lancaster,Ron,,,,,,
Landeskog Gabriel,Landeskog,Gabriel,,,,,,
Landeta S.,Landeta S.,,,,,,,
Landreaux,Landreaux,,,,,,,
Landry G.,Landry,Greg,,,,,,
Landry LaRon,Landry,LaRon,,,,,,
LandryTom,Landry,Tom,,,1,,,Texas
Lane G.,Lane G.,,,,,,,
Lane MacAuther,Lane,MacArthur,,,,,,
Langenbrunner,Langenbrunner,,,,,,,
Langer,Langer,Jim,,,1,,,SouthDakotaState
Langkow D.,Langkow D.,,,,,,,
Langway,Langway,Rod,,,1,,,
LanierWillie,Lanier,Willie,,,1,,,MorganState
Laphan D.,Laphan D.,,,,,,,
Lapointe M.,Lapointe M.,,,,,,,
LargentSteve,Largent,Steve,,,1,,,Tulsa
Larionov,Larionov,,,,,,,
Larkin,Larkin,Barry,,,1,,,
Larmer,Larmer,,,,,,,
LaRussa,LaRussa,,,,,,,
LaSorda,LaSorda,Tommy,,,,,,
Lathrop K.,Lathrop K.,,,,,,,
Lattner,Lattner,Johnny,,,,,,NotreDame
Lauer B.,Lauer B.,,,,,,,
Laukkanen,Laukkanen,,,,,,,
Laus,Laus,Paul,,,,,,
Law K.,Law K.,,,,,,,
Law M.,Law M.,,,,,,,
Laws Trevor,Laws,Trevor,,,,,,
Layden,Layden,Elmer,,,,,,
Layne,Layne,Bobby,,,1,,,Texas
Leahy F.,Leahy F.,,,,,,,
Leahy R.,Leahy R.,,,,,,,
Lebda Brett,Lebda,Brett,,,,,,
LeBlanc J. P.,LeBlanc J. P.,,,,,,,
Lecavalier,Lecavalier,,,,,,,
LeClair Jim,LeClair,Jim,,,1,,,
LeClair John,LeClair,John,,,,,,
Leddy Nick,Leddy,Nick,,,,,,
Lee B.,Lee B.,,,,,,,
Leetch Brian,Leetch,Brian,,,,,,
Lefebvre,Lefebvre,,,,,,,
LeFlore R.,LeFlore R.,,,,,,,
Legault,Legault,,,,,,,
Legwand,Legwand,,,,,,,
Lehmann,Lehmann,,,,,,,
Lehtera T.,Lehtera T.,,,,,,,
Lehtinen,Lehtinen,,,,,,,
Leiter A.,Leiter,Al,,,,,,
Lemek,Lemek,,,,,,,
Lemieux Claude.,Lemieux,Claude,,,,,,
LemieuxMario,Lemieux,Mario,,,1,,,
Lemke,Lemke,Mark,,,,,,
Lemon C.,Lemon C.,,,,,,,
Leonard Bill,Leonard,Bill,,,,,,
Leonard Bob,Leonard,Bob,,,,,,
Leonard D.,Leonard D.,,,,,,,
Leonard K.,Leonard K.,,,,,,,
Leopold Bob,Leopold,Bob,,,,,,
Leopold L.,Leopold L.,,,,,,,
Levens,Levens,,,,,,,
Lewis D.,Lewis D.,,,,,,,
Lewis Freddie,Lewis,Freddie,,,,,,
Lewis G.,Lewis G.,,,,,,,
Lewis Leo,Lewis,Leo,,,,,,
Lewis M.,Lewis M.,,,,,,,
Lewis Nik,Lewis,Nik,,,,,,
Lewis R.,Lewis,Reggie,,,,,,
Lewis Ray,Lewis,Ray,,,1,,,MiamiFL
Lewis Sherman,Lewis,Sherman,,,,,,
Lewis W.,Lewis W.,,,,,,,
Lidge Brad,Lidge,Brad,,,,,,
Lidstrom Niklas,Lidstrom,Niklas,,,1,,,
Liebrock,Liebrock,,,,,,,
Liles John Michael,Liles,John,Michael,,,,,
Lilley J.,Lilley J.,,,,,,,
Lind,Lind,,,,,,,
Lindbergh Pelle,Lindbergh,Pelle,,,,,,
LindrosEric,Lindros,Eric,,,1,,,
Lindsay B.,Lindsay B.,,,,,,,
Lingren S.,Lingren S.,,,,,,,
Linterman,Linterman,,,,,,,
Lippincott,Lippincott,,,,,,,
LittleFloyd,Little,Floyd,,,1,,,Syracuse
Lloyd Earl,Lloyd,Earl,,,,,,
Lockett F.,Lockett F.,,,,,,,
Locklin Billy Ray,Locklin,Billy Ray,,,,,,
Lofton James,Lofton,James,,,1,,,Stanford
Lomakin,Lomakin,,,,,,,
Lombard Christian,Lombard,Christian,,,,,,
LombardiVince,Lombardi,Vince,,,1,,,Fordham
Long A.,Long A.,,,,,,,
LongHowie,Long,Howie,,,1,,,Villanova
LongKyle,Long,Kyle,,,,,,
Longo C.,Longo C.,,,,,,,
Lopeinski Tom Jr.,Lopeinski,Tom,,Jr,,,,
Lorch K.,Lorch,Karl,,,,,,
Loughery K.,Loughery K.,,,,,,,
Lovellette,Lovellette,Clyde,,,1,,,
Low R.,Low R.,,,,,,,
Lowe Kevin,Lowe,Kevin,,,,,,
Lowell Mike,Lowell,Mike,,,,,,
Lowry,Lowry,,,,,,,
Lucas Jerry,Lucas,Jerry,,,1,,,
Lucic Milan,Lucic,Milan,,,,,,
Luck Andrew,Luck,Andrew,,,,,,
Luit,Luit,,,,,,,
Lujack,Lujack,Johnny,,,,1,,NotreDame
Lulay Travis,Lulay,Travis,,,,,,
Lumsden Neil,Lumsden,Neil,,,,,,
Lundmark,Lundmark,,,,,,,
Lundrigan,Lundrigan,,,,,,,
Luongo Roberto,Luongo,Roberto,,,,,,
Luscutoff,Luscutoff,,,,,,,
Lush M.,Lush M.,,,,,,,
Luster M.,Luster M.,,,,,,,
Luza P.,Luza P.,,,,,,,
Luzzi Don,Luzzi,Don,,,,,,
Lyell,Lyell,,,,,,,
Lyght,Lyght,Todd,,,,,,NotreDame
Lynch Aaron,Lynch,Aaron,,,,,,
Lynch Dick,Lynch,Dick,,,,,,
Lynch Jim,Lynch,Jim,,,,,,
Lynn,Lynn,Fred,,,,,,
Lysenko A.,Lysenko A.,,,,,,,
Lytle Dean,Lytle,Dean,,,,,,
MacAfee,MacAfee,,,,,,,
Macias Ray,Macias,Ray,,,,,,
MacInnis,MacInnis,,,,,,,
MacIntyre A,MacIntyre A,,,,,,,
"Mack Bill ""Red""",Mack,Red,,,,,,
Mackey John,Mackey,John,,,1,,,Syracuse
MacLeish,MacLeish,,,,,,,
MacLeod,MacLeod,,,,,,,
MacTavish,MacTavish,,,,,,,
Madden John,Madden,John,,,1,,,
Maddux Greg,Maddux,Greg,,,1,,,
Magee,Magee,,,,,,,
Mahfouz,Mahfouz,,,,,,,
Maiden,Maiden,,,,,,,
Makarov,Makarov,,,,,,,
Makarov Sergie B.,Makarov,Sergie,B,,,,,
Makowsky Gene,Makowsky,Gene,,,,,,
Malakhov,Malakhov,,,,,,,
Malgin,Malgin,,,,,,,
Malhatra,Malhatra,,,,,,,
Malkin Evgeni,Malkin,Evgeni,,,,,,
Malloy E.,Malloy E.,,,,,,,
Malone,Malone,,,,,,,
Malone Karl,Malone,Karl,,,1,,,LouisianaTech
Malone M.,Malone M.,,,,,,,
Malone Moses,Malone,Moses,,,1,,,
Malone Ryan,Malone,Ryan,,,,,,
Maltby,Maltby,,,,,,,
Malykhin,Malykhin,,,,,,,
Manderville,Manderville,,,,,,,
Manley Dexter,Manley,Dexter,,,,,,
Manlow E.,Manlow E.,,,,,,,
Mann Charles,Mann,Charles,,,,,,
Mann E.,Mann E.,,,,,,,
Manning Peyton,Manning,Peyton,,,,,1,Tennessee
Mantle,Mantle,Mickey,,,1,,,
Manumaleuga,Manumaleuga,Ray,,,,,,
Manush,Manush,,,,,,,
Maravich,Maravich,Pete,,,1,,,LSU
Marcelin,Marcelin,,,,,,,
Marchetti Gino,Marchetti,Gino,,,,,,
Marek M.,Marek M.,,,,,,,
Marichal,Marichal,,,,,,,
MarinoDan,Marino,Dan,,,,,,
Marinovich,Marinovich,,,,,,,
MarisRoger,Maris,Roger,,,,,,
Marleau Patrick,Marleau,Patrick,,,,,,
Marshall Greg,Marshall,Greg,,,,,,
Marson Mike,Marson,Mike,,,,,,
Martin Billy,Martin,Billy,,,,,1,
Martin C.,Martin,Curtis,,,1,,,Pittsburgh
Martin D.,Martin D.,,,,,,,
Martin David,Martin,David,,,,,,
Martin Jim,Martin,Jim,,,,,,
Martin Matt,Martin,Matt,,,,,,
Martin Nelson,Martin,Nelson,,,,,,
Martin P.,Martin P.,,,,,,,
Martinez Dennis,Martinez,Dennis,,,,,,
Martinez Pedro,Martinez,Pedro,,,1,,,
Martinez R.,Martinez,Raul,,,,,,
Martinez T.,Martinez,Tino,,,,,,
Martino T.,Martino T.,,,,,,,
Marx,Marx,,,,,,,
Maslennikov,Maslennikov,,,,,,,
Mason Tom,Mason,Tom,,,,,,
Masotti,Masotti,,,,,,,
Mastrangelo,Mastrangelo,,,,,,,
Mathatra M.,Mathatra M.,,,,,,,
Matson,Matson,Ollie,,,1,,,
Matsuzaka,Matsuzaka,Daisuke,,,,,,
Matte C.,Matte C.,,,,,,,
Matteau S.,Matteau S.,,,,,,,
MatthewsChis,Matthews,Chris,,,,,,
Mattson Riley,Mattson,Riley,,,,,,
Matvichuk,Matvichuk,,,,,,,
Mauldin Greg,Mauldin,Greg,,,,,,
Maxwell C.,Maxwell C.,,,,,,,
May B.,May B.,,,,,,,
May C.,May C.,,,,,,,
May Don,May,Don,,,,,,
Mayberry,Mayberry,,,,,,,
Mayer Hans-Jorg,Mayer,Hans-Jorg,,,,,,
Mayes Derrick,Mayes,Derrick,,,,,,
Maynard,Maynard,Don,,,1,,,TexasWestern
Maynard Don,Maynard,Don,,,1,,,TexasWestern
MaysWillie,Mays,Willie,,,1,,,
Mazeroski,Mazeroski,Bill,,,,,,
Mazzetti T.,Mazzetti T.,,,,,,,
McAdoo,McAdoo,Bob,,,1,,,NorthCarolina
McAleney Ed,McAleney,Ed,,,,,,
McBain J.,McBain J.,,,,,,,
McBride Oscar,McBride,Oscar,,,,,,
McCaffrey,McCaffrey,Ed,,,,,,
McCallum Paul,McCallum,Paul,,,,,,
McCarthy Kyle,McCarthy,Kyle,,,,,,
McCarthy Steven,McCarthy,Steven,,,,,,
McCarty,McCarty,,,,,,,
McCaskill,McCaskill,Kirk,,,,,,
McClanahan,McClanahan,,,,,,,
McClendon W.,McClendon W.,,,,,,,
McCoveyWillie,McCovey,Willie,,,,,,
McCoy Colt,McCoy,Colt,,,,,,
McCoy Mike,McCoy,Mike,,,,,,
McCullough,McCullough,,,,,,,
McCutcheon,McCutcheon,,,,,,,
McDonald Devon,McDonald,Devon,,,,,,
McDonald Lanny,McDonald,Lanny,,,,,,
McDougal Kevin,McDougal,Kevin,,,,,,
McDowell J.,McDowell J.,,,,,,,
McElhenny,McElhenny,,,,,,,
McFadden Darren,McFadden,Darren,,,,,,
McGee W.,McGee,Willie,,,,,,
McGill M.,McGill M.,,,,,,,
McGinnis,McGinnis,George,,,1,,,
McGlinn,McGlinn,,,,,,,
McGrif T.,McGrif T.,,,,,,,
McGriff T.,McGriff T.,,,,,,,
McGuire Gene,McGuire,Gene,,,,,,
McGwireMark,McGwire,Mark,,,,,,
McHaleKevin,McHale,Kevin,,,1,,,Minnesota
McKenzie Anton,McKenzie,Anton,,,,,,
McKinnely,McKinnely,,,,,,,
McKinnie,McKinnie,,,,,,,
McKnight Rhema,McKnight,Rhema,,,,,,
McLain,McLain,Denny,,,,,,
McLain Dewey,McLain,Dewy,,,,,,
McLaren,McLaren,,,,,,,
McLean J.,McLean J.,,,,,,,
McLean K.,McLean K.,,,,,,,
McLoughlin M.,McLoughlin M.,,,,,,,
McMahon,McMahon,Jim,,,,,1,
McMahon Jack,McMahon,Jack,,,,,,
McManus,McManus,,,,,,,
McMichael,McMichael,Steve,,,,,,
McMillon,McMillon,,,,,,,
McMullan John,McMullan,John,,,,,,
McNabb Donovan,McNabb,Donovan,,,,,,
McNair Steve,McNair,Steven,,,,,,
McNeill G.,McNeill G.,,,,,,,
McNeill Mike,McNeill,Mike,,,,,,
McQuay,McQuay,,,,,,,
McShane,McShane,,,,,,,
McSorley,McSorley,,,,,,,
McTague,McTague,,,,,,,
Mellanby Scott,Mellanby,Scott,,,,,,
Melrose,Melrose,,,,,,,
Meluzin R.,Meluzin R.,,,,,,,
Mercer,Mercer,,,,,,,
Mercier Justin,Mercier,Justin,,,,,,
Meredith,Meredith,,,,,,,
Meredith Greg,Meredith,Greg,,,,,,
MessamJerome,Messam,Jerome,,,,,,
Messier E.,Messier E.,,,,,,,
MessierMark,Messier,Mark,,,1,,,
Metcalf Eric,Metcalf,Eric,,,,,,
Meter,Meter,,,,,,,
Metlyuk D.,Metlyuk D.,,,,,,,
Metropolit,Metropolit,,,,,,,
Metzger,Metzger,,,,,,,
Meyer Buddy,Meyer,Buddy,,,,,,
Meyer J.,Meyer J.,,,,,,,
Meyer Ray,Meyer,Ray,,,,,,
Michaels Lou,Michaels,Lou,,,,,,
Michaels Walt,Michaels,Walt,,,,,,
Mihalko,Mihalko,,,,,,,
Mikan,Mikan,George,,,1,,,
Mike-Mayer N.,Mike-Mayer,Nick,,,,,,
Mikhailovsky,Mikhailovsky,,,,,,,
Mikita,Mikita,,,,,,,
Mikkelson,Mikkelson,Vern,,,1,,,
Milan C.,Milan C.,,,,,,,
Miles Barron,Miles,Barron,,,,,,
Miles Jeff,Miles,Jeff,,,,,,
Miller Aaron,Miller,Aaron,,,,,,
Miller Anthony,Miller,Anthony,,,,,,
Miller C.,Miller C.,,,,,,,
Miller Don,Miller,Don,,,,,,
Miller F.,Miller F.,,,,,,,
Miller Henry,Miller,Henry,,,,,,
Miller Ken,Miller,Ken,,,,,,
Miller Mike,Miller,Mike,,,,,,
Miller Ryan,Miller,Ryan,,,,,,
Miller William,Miller,William,,,,,,
MillerReggie,Miller,Reggie,,,1,,,USC
MillerVon,Miller,Von,,,,,1,
Milley,Milley,,,,,,,
Millham Mike,Millham,Mike,,,,,,
Milliard,Milliard,,,,,,,
Millner,Millner,,,,,,,
Mills S.,Mills S.,,,,,,,
Mink Graham,Mink,Graham,,,,,,
Minor Kory,Minor,Kory,,,,,,
Minore,Minore,,,,,,,
Minter Cedric,Minter,Cedric,,,,,,
Mirer,Mirer,Rick,,,,,,
Mironov B.,Mironov B.,,,,,,,
Mironov D.,Mironov D.,,,,,,,
Misetic,Misetic,,,,,,,
Mitchell Bobby,Mitchell,Bobby,,,1,,,Illinois
Mitchell Brian,Mitchell,Brian,,,,,,
Mitchell Derrell,Mitchell,Derrell,,,,,,
Mitchell L.,Mitchell L.,,,,,,,
Mitchell Torrey,Mitchell,Torrey,,,,,,
Mix Kent,Mix,Kent,,,,,,
Modano Mike,Modano,Mike,,,1,,,
Moen Don,Moen,Don,,,,,,
Mogilny,Mogilny,,,,,,,
Mohns D.,Mohns D.,,,,,,,
Mohr Rick,Mohr,Rick,,,,,,
Moir,Moir,,,,,,,
Molinosky,Molinosky,,,,,,,
Molitor,Molitor,Paul,,,1,,,
Moller,Moller,,,,,,,
Moncrief,Moncrief,Sidney,,,1,,,
MonkArt,Monk,Art,,,1,,,Syracuse
MontanaJoe,Montana,Joe,,,1,,,NotreDame
Montefusco,Montefusco,,,,,,,
Montgomery W.,Montgomery W.,,,,,,,
Montoya,Montoya,,,,,,,
Moog Andy,Moog,Andy,,,,,,
MoonWarren,Moon,Warren,,,1,,,Washington
Moore Barry,Moore,Barry,,,,,,
Moore H.,Moore H.,,,,,,,
Moore J.,Moore J.,,,,,,,
Moore S.,Moore S.,,,,,,,
MooreLenny,Moore,Lenny,,,1,,,PennState
Moreau,Moreau,,,,,,,
Moreno O.,Moreno O.,,,,,,,
Morenz,Morenz,,,,,,,
MorganJoe,Morgan,Joe,,,1,,,
Moriarty,Moriarty,,,,,,,
Morin Jeremy,Morin,Jeremy,,,,,,
Morin S.,Morin S.,,,,,,,
Moro,Moro,,,,,,,
MorrallEarl,Morrall,Earl,,,,,,
Morris Alfred,Morris,Alfred,,,,,,
Morris J.,Morris,Jack,,,1,,,
Morris Larry,Morris,Larry,,,,,,
Morrison Bernie,Morrison,Bernie,,,,,,
Morrison Brendan,Morrison,Brendan,,,,,,
Morrison L.,Morrison L.,,,,,,,
Morrow Brenden,Morrow,Brenden,,,,,,
Morrow Ken,Morrow,Ken,,,,,,
Mortson J.,Mortson J.,,,,,,,
Mosca Angelo,Mosca,Angelo,,,,,,
Moseley,Moseley,Mark,,,,,,
Moss Santana,Moss,Santana,,,,,,MiamiFL
Mota M.,Mota M.,,,,,,,
Motkov,Motkov,,,,,,,
Mottau M.,Mottau M.,,,,,,,
Mougenel R.,Mougenel R.,,,,,,,
Muckalt,Muckalt,,,,,,,
Mueller B.,Mueller B.,,,,,,,
Mueller Peter,Mueller,Peter,,,,,,
Mukhometov,Mukhometov,,,,,,,
Mullen,Mullen,Chris,,,1,,,StJohns
Muller,Muller,Kirk,,,,,,
Muller Peter,Muller,Peter,,,,,,
Mullin,Mullin,,,,,,,
Murphy Calvin,Murhpy,Calvin,,,1,,,Niagra
Murphy G.,Murhpy,Gordon,,,,,,
Murphy Larry,Murhpy,Larry,,,,,,
Murphy Troy,Murphy,Try,,,,,,
Murray E.,Murray,Eddie,,,1,,,
MusialStan,Musial,Stan,,,1,,,
Musso John,Musso,John,,,,,,
Mutombo,Mutombo,Dikembe,,,1,,,Georgetown
Mutscheller,Mutscheller,Jim,,,,,,
Myers Tyler,Myers,Tyler,,,,,,
Nabokov E.,Nabokov E.,,,,,,,
Nagurski Jr.,Nagurski Jr.,,,,,,,
Naida,Naida,,,,,,,
NamathJoe,Namath,Joe,,,1,,,Alabama
Nance J.,Nance J.,,,,,,,
Nance L.,Nance,Larry,,,,,,
Nau,Nau,,,,,,,
Naulls,Naulls,,,,,,,
Naumann A.,Naumann A.,,,,,,,
Naumetz Freed,Naumetz,Freed,,,,,,
Nazarov,Nazarov,,,,,,,
Ndukwe Chinedum,Ndukwe,Chinedum,,,,,,
Nedoma M.,Nedoma M.,,,,,,,
Nedomansky V.,Nedomansky V.,,,,,,,
Nedved,Nedved,,,,,,,
Neely Cam,Neely,Cam,,,1,,,
Nehemaih,Nehemaih,Ronaldo,,,,,,
Neil K.,Neil K.,,,,,,,
Nelson Don,Nelson,Don,,,,,,
Nelson J.,Nelson J.,,,,,,,
Nelson K.,Nelson K.,,,,,,,
Nemchinov,Nemchinov,,,,,,,
Nemirovsky,Nemirovsky,,,,,,,
Nesbitt Gerry,Nesbitt,Gerry,,,,,,
Neuheisel,Neuheisel,,,,,,,
Neuvirth Michal,Neuvirth,Michal,,,,,,
Newman Dave,Newman,Dave,,,,,,
Newman Terrence,Newman,Terrence,,,,,,
Newsome Ozzie,Newsome,Ozzie,,,1,,,Alabama
Nicholls,Nicholls,,,,,,,
Nicholson Darrell,Nicholson,Darrell,,,,,,
Niedermayer R.,Niedermayer,Rob,,,,,,
Niedermayer S.,Niedermayer,Scott,,,1,,,
Niehaus,Niehaus,,,,,,,
Niemi Antti,Niemi,Antti,,,,,,
Nieuwendyk,Nieuwendyk,Joe,,,1,,,
Niinimaa,Niinimaa,,,,,,,
Nikolishin,Nikolishin,,,,,,,
Nilson M.,Nilson,Marcus,,,,,,
Nilsson Ulf,Nilsson,Ulf,,,,,,
Nitschke,Nitschke,Ray,,,1,,,Illinois
Nixon N.,Nixon N.,,,,,,,
Nixon T.,Nixon T.,,,,,,,
Niziolek,Niziolek,,,,,,,
Nobis,Nobis,Tommy,,,,,,
Nolan G.,Nolan G.,,,,,,,
Nolan Owen,Nolan,Owen,,,,,,
Nomellini Leo,Nomellini,Leo,,,,,,
Nomo,Nomo,Hideo,,,,,,
Nordgren,Nordgren,,,,,,,
Norman,Norman,,,,,,,
Noronen M.,Noronen M.,,,,,,,
Norrie,Norrie,,,,,,,
North B.,North B.,,,,,,,
Norton J.,Norton J.,,,,,,,
Norwood,Norwood,Scott,,,,,,
NovacekJay,Novacek,Jay,,,,,,
Novak,Novak,,,,,,,
Novoseltsev,Novoseltsev,Ivan,,,,,,
Nowak,Nowak,,,,,,,
Nyikos,Nyikos,,,,,,,
Oates,Oates,Adam,,,1,,,
O'Brien K.,O'Brien K.,,,,,,,
O'Callahan,O'Callahan,,,,,,,
O'Connell T.,O'Connell T.,,,,,,,
O'Conner Bucky,O'Conner,Bucky,,,,,,
Odoms R.,Odoms,Riley,,,,,,
O'Donnell S.,O'Donnell S.,,,,,,,
O'Donoghue,O'Donoghue,,,,,,,
Offerman J.,Offerman,Jose,,,,,,
Oh Sadaharu,Oh,Sadaharu,,,,,,
Ohka,Ohka,,,,,,,
Ohl,Ohl,,,,,,,
Ojeda,Ojeda,Bob,,,,,,
OlafioyeJovan,Olafioye,Jovan,,,,,,
Olajuwon,Olajuwon,Hakeem,,,1,,,Houston
Oldham,Oldham,,,,,,,
O'Leary Dan,O'Leary,Dan,,,,,,
O'Leary T.,O'Leary T.,,,,,,,
Olerud,Olerud,John,,,,,,
Oliver L.,Oliver L.,,,,,,,
Olivo Miguel,Olivo,Miguel,,,,,,
Olsen Eric,Olsen,Eric,,,,,,
Olsen Merlin,Olsen,Merlin,,,1,,,UtahState
Olver Marc,Olver,Marc,,,,,,
Olvestad,Olvestad,,,,,,,
O'Neal S.,O'Neal,Shaquille,,,1,,,LSU
O'Neill P.,O'Neill P.,,,,,,,
O'Ree,O'Ree,,,,,,,
O'Reilly,O'Reilly,,,,,,,
O'Reilly Ryan,O'Reilly,Ryan,,,,,,
Oreskovic Phil,Oreskovic,Phil,,,,,,
Oreskovich Victor,Oreskovich,Victor,,,,,,
Organ Gerry,Organ,Gerry,,,,,,
OrlovDimitry,Orlov,Dimitry,,,,,,
Orpik Brooks,Opik,Brooks,,,,,,
Orr,Orr,Bobby,,,1,,,
Orr Jimmy,Orr,Jimmy,,,,,,
Orta J.,Orta J.,,,,,,,
Ortiz David,Ortiz,David,,,,,1,
Osborne M.,Osborne M.,,,,,,,
Osgood,Osgood,,,,,,,
O'Shea,O'Shea,,,,,,,
Ostrowski Chet,Ostrowski,Chet,,,,,,
O'Sullivan C.,O'Sullivan C.,,,,,,,
Otis J.,Otis J.,,,,,,,
Otto Gus,Otto,Gus,,,,,,
OttoJim,Otto,Jim,,,1,,,MiamiFL
Oullete M.,Oullete M.,,,,,,,
OvechkinAlex,Ovechkin,Alex,,,,,1,
Overstreet David,Overstreet,David,,,,,,
Owens B.,Owens B.,,,,,,,
Owens John,Owens,John,,,,,,
Ozolinch,Ozolinch,,,,,,,
Pace,Pace,Orlando,,,1,,,OhioState
Paek J.,Paek J.,,,,,,,
Page T.,Page T.,,,,,,,
Page Ted,Page,Ted,,,,,,
PageAlan,Page,Alan,,,1,,,NotreDame
Pagel M.,Pagel M.,,,,,,,
Paige S.,Paige S.,,,,,,,
Pajaczkowski,Pajaczkowski,,,,,,,
Palffy,Palffy,,,,,,,
Palmer A.,Palmer,Arnold,,,,,,
Palmieri Kyle,Palmieri,Kyle,,,,,,
Palmieri Nick,Palmieri,Nick,,,,,,
Pandolfo Mike,Pandolfo,Mike,,,,,,
Panelli,Panelli,,,,,,,
Panelli John,Panelli,John,,,,,,
Pang,Pang,,,,,,,
Panteleyev,Panteleyev,,,,,,,
Paopao,Paopao,,,,,,,
Papineau,Papineau,,,,,,,
Pardee,Pardee,,,,,,,
Parise Zach,Parise,Zack,,,,,,
ParishRobert,Parish,Robert,,,1,,,Centenary
Park,Park,,,,,,,
Parker Jackie,Parker,Jackie,,,,,,
Parker Jim,Parker,Jim,,,1,,,OhioState
Parrish M.,Parrish,Mark,,,,,,
Parseghian,Parseghian,Ara,,,,,,
Partridge  R.,Partridge  R.,,,,,,,
Partridge J.,Partridge J.,,,,,,,
Passaglia,Passaglia,,,,,,,
PastoriniDan,Pastorini,Dan,,,,,,
Patek,Patek,,,,,,,
Paterson J.,Paterson J.,,,,,,,
Paterson Joe,Paterson,Joe,,,,,,
Patrick G.,Patrick G.,,,,,,,
Patten J.,Patten J.,,,,,,,
Pattison Rob,Pattison,Robert,,,,,,
Patton Gen. George S.,Patton,George,S,,,,,
Patulski,Patulski,,,,,,,
Patulski Walt,Patulski,Walt,,,,,,
Paul Don,Paul,Don,,,,,,
Paula C.,Paula C.,,,,,,,
Pavelich,Pavelich,,,,,,,
Pavelski Joe,Pavelski,Joe,,,,,,
Paws,Paws,,,,,,,
Paxson Jim Jr.,Paxson,Jim,,Jr,,,,
Paxson Jim Sr.,Paxson,Jim,,Sr,,,,
Paxson John,Paxson,John,,,,,,
Payer Serge,Payer,Serge,,,,,,
PaytonWalter,Payton,Walter,,,1,,,JacksonState
Peake P.,Peake P.,,,,,,,
Pearce Jordan,Pearce,Jordan,,,,,,
Pearson R.,Pearson R.,,,,,,,
Peca,Peca,,,,,,,
Pelletier Jean-Marc,Peletier,Jean-Marc,,,,,,
Pellington Bill,Pellington,Bill,,,,,,
Pena A.,Pena,Alejandro,,,,,,
Pendergast,Pendergast,,,,,,,
Pendleton,Pendleton,Terry,,,,,,
Pennywell,Pennywell,,,,,,,
Penrose C.,Penrose C.,,,,,,,
Perdix,Perdix,,,,,,,
Perdoni,Perdoni,,,,,,,
Perez Tony,Perez,Tony,,,1,,,
Perkins S.,Perkins S.,,,,,,,
Perreault Mathieu,Perrault,Mathieu,,,,,,
Perrin Eric,Perrin,Eric,,,,,,
Perry Joe,Perry,Joe,,,,,,
Perry L.,Perry L.,,,,,,,
Perry M.D.,Perry,MD,,,,,,
Pesky,Pesky,Johnny,,,,,,
Peterson A.,Peterson A.,,,,,,,
Peterson Adrian,Peterson,Adrian,,,,,1,Oklahoma
Peterson Loy,Peterson,Loy,,,,,,
Petitbon,Petitbon,Richie,,,,,1,
Petitgout,Petitgout,Luke,,,,,,NotreDame
Petre H.,Petre H.,,,,,,,
Petrilainen,Petrilainen,,,,,,,
Petrov,Petrov,,,,,,,
Petrovicky,Petrovicky,,,,,,,
Petrovicky R.,Petrovicky R.,,,,,,,
Petterson Leif,Petterson,Leif,,,,,,
Phaneuf,Phaneuf,,,,,,,
Phelan Jimmy,Phelan V.,Jimmy,,,,,,
Phelan V.,Phelan V.,,,,,,,
Phelps Digger,Phelphs,Digger,,,,,,
Philips Ryan,Philips,Ryan,,,,,,
Phillip Andy,Phillip,Andy,,,1,,,
Phillips C.,Phillips C.,,,,,,,
Phillips L.,Phillips L.,,,,,,,
Phios,Phios,,,,,,,
Phipps,Phipps,Mike,,,,,,
Piazza,Piazza,Mike,,,,,,
Piccolo,Piccolo,Brian,,,,,1,
Pierce,Pierce,,,,,,,
Pierce Buck,Pierce,Bucky,,,,,,
Pierce Paul,Pierce,Paul,,,,,,
Pietrangelo Alex,Pietrangelo,Alex,,,,,,
Pietrosante,Pietrosante,Nick,,,,,,
Pinckney,Pinckney,,,,,,,
Pinkett,Pinkett,Allen,,,,,,NotreDame
Pinkett Allent,Pinkett,Allen,,,,,,NotreDame
Pinney R.,Pinney R.,,,,,,,
Pipes G.,Pipes G.,,,,,,,
Pippen Scottie,Pippen,Scottie,,,1,,,CentralArkansas
Pitlick,Pitlick,,,,,,,
Pitts Allen,Pitts,Allen,,,,,,
Pitts Ernie,Pitts,Ernie,,,,,,
Pivec,Pivec,,,,,,,
Plank D.,Plank D.,,,,,,,
Plante Jacque,Plante,Jacque,,,,,,
Ploen Kenny,Ploen,Kenny,,,,,,
Plummer,Plummer,,,,,,,
Plummer G.,Plummer G.,,,,,,,
Plummer J.,Plummer,Jake,,,,,,
Plunk,Plunk,Eric,,,,,,
PlunkettJim,Plunkett,Jim,,,,1,1,Stanford
Podein,Podein,,,,,,,
Podkonicky A.,Podkonicky A.,,,,,,,
Podolak,Podolak,Ed,,,,,,
Podollan,Podollan,,,,,,,
Polizian,Polizian,,,,,,,
Pope M.,Pope M.,,,,,,,
Popikhin,Popikhin,,,,,,,
Poplawski,Poplawski,,,,,,,
Poplawski Joe,Poplawski,Joe,,,,,,
Poquette,Poquette,,,,,,,
Porier Joe,Porier,Joe,,,,,,
Portis Clinton,Portis,Clinton,,,,,,
Potempa,Potempa,,,,,,,
Poti Tom,Poti,Tom,,,,,,
PottiosMyron,Pottios,Myron,,,,,,
Potvin Denis,Potvin,Denis,,,,,,
Potvin F.,Potvin F.,,,,,,,
Poulin Dave,Poulin,Dave,,,,,,
Poulin P.,Poulin P.,,,,,,,
Powell Art,Powell,Art,,,,,,
Powell Colin,Powell,Colin,,,,,,
PowellBoog,Powell,Boog,,,,,1,
Powlus Ron,Powlus,Ronald,,,,,,
Pozderac,Pozderac,,,,,,,
Prefontaine Noel,Prefontaine,Noel,,,,,,
Prendergast M,Prendergast M,,,,,,,
Priestner,Priestner,,,,,,,
Priestner John,Priestner,John,,,,,,
Primeau K.,Primeau K.,,,,,,,
Pringle Mike,Pringle,Mike,,,,,,
Pritchard Bosh,Pritchard,Bosh,,,,,,
Pritchett Wes,Prichett,Wes,,,,,,
Probert,Probert,,,,,,,
Prochazka M.,Prochazka M.,,,,,,,
Profit M.,Profit M.,,,,,,,
Prokhorov,Prokhorov,,,,,,,
Promuto Vince,Promuto,Vince,,,,,,
Pronger Chris,Pronger,Chris,,,,,,
Prosofsky,Prosofsky,,,,,,,
Prospal,Prospal,,,,,,,
Prudhomme R.,Prudhomme R.,,,,,,,
Pruitt M.,Pruitt M.,,,,,,,
Ptacek Bob,Ptacek,Bob,,,,,,
PuckettKirby,Puckett,Kirby,,,1,,,
Purdin Ray,Purdin,Ray,,,,,,
Pureifoy,Pureifoy,,,,,,,
Quinlan Robb,Quinlan,Robb,,,,,,
Quinlan Volney,Quinlan,Volney,,,,,,
Quinn Brady,Quinn,Brady,,,,,,NotreDame
Quinn Chris,Quinn,Chris,,,,,,
Quirk,Quirk,,,,,,,
Quist,Quist,,,,,,,
Racine,Racine,,,,,,,
Radja,Radja,,,,,,,
Radzik Walt,Radzik,Walt,,,,,,
Raeford P.,Raeford P.,,,,,,,
Rafalski,Rafalski,,,,,,,
Raimey,Raimey,,,,,,,
Raines,Raines,Tim,,,,,,
Raines Mike,Raines,Mike,,,,,,
Rambis,Rambis,Kurt,,,,,1,
Ramirez Manny,Ramirez,Manny,,,,,1,
Ramsey Garrard,Ramsey,Garrard,,,,,,
Ramsey Mike,Ramsey,Mike,,,,,,
Randle El,Randle El,Antwan,,,,,,
Randolph,Randolph,,,,,,,
Ranford,Ranford,,,,,,,
Rassas,Rassas,,,,,,,
Ratchuk,Ratchuk,,,,,,,
Ratelle,Ratelle,,,,,,,
Ratterman,Ratterman,,,,,,,
Ray R.,Ray R.,,,,,,,
Reagan Frank,Reagan,Frank,,,,,,
ReaganRonald,Reagan,Ronald,,,,,,
Reasoner M.,Reasoner M.,,,,,,,
Reaves J.,Reaves J.,,,,,,,
Recchi Mark,Recchi,Mark,,,1,,,
Redus,Redus,,,,,,,
Reed G.,Reed G.,,,,,,,
Reed J.,Reed J.,,,,,,,
Reed Jake,Reed,Jake,,,,,,
Reed James,Reed,James,,,,,,
Reed R.,Reed R.,,,,,,,
Reed W.,Reed,Willis,,,1,,,GramblingState
ReedAndre,Reed,Andre,,,1,,,Kutztown
Reekie,Reekie,,,,,,,
Reese Guy,Reese,Guy,,,,,,
Regan Richie,Regan,Richie,,,,,,
Regehr,Regehr,,,,,,,
Regner,Regner,,,,,,,
Reid Angus,Reid,Angus,,,,,,
Reid Fred,Reid,Fred,,,,,,
Reid J.,Reid J.,,,,,,,
Reilly J.,Reilly J.,,,,,,,
Reitchert C.,Reitchert C.,,,,,,,
Renberg,Renberg,,,,,,,
Rensberger,Rensberger,,,,,,,
Renteria,Renteria,Edgar,,,,,,
Restic,Restic,,,,,,,
Reveiz F.,Reveiz F.,,,,,,,
Rheaume Manon,Rheaume,Manon,,,,,,
Rhino Randy,Rhino,Randy,,,,,,
Rhodes D.,Rhodes D.,,,,,,,
Rhodes R.,Rhodes R.,,,,,,,
Rice S.,Rice S.,,,,,,,
Rice Tony,Rice,Tony,,,,,,
RiceJerry,Rice,Jerry,,,1,,,MississippiValleyState
RiceJim,Rice,Jim,,,1,,,
Richard Henri,Richard,Henri,,,,,,
Richard M.,Richard M.,,,,,,,
Richards Brad,Richards,Brad,,,,,,
Richards Mike,Richards,Mike,,,,,,
Richardson Jamel,Richardson,Jamel,,,,,,
Richardson R.,Richardson R.,,,,,,,
RichmondMitch,Richmond,Mitch,,,1,,,KansasState
Richter,Richter,,,,,,,
Ridley,Ridley,,,,,,,
RigginsJohn,Riggins,John,,,1,,,Kansas
Riley,Riley,,,,,,,
Riney,Riney,,,,,,,
RipkenCal,Ripken,Cal,,,1,,,
Riska,Riska,,,,,,,
Rison,Rison,Andre,,,,,,
Rita,Rita,,,,,,,
Rivers David,Rivers,David,,,,,,
Rivers Doc,Rivers,Doc,,,,,,
Robb A.,Robb A.,,,,,,,
Roberson Rick,Roberson,Rick,,,,,,
Roberts B.,Roberts B.,,,,,,,
Roberts Charles,Roberts,Charles,,,,,,
RobertsonOscar,Robertson,Oscar,,,1,,,Cincinnati
Robey,Robey,,,,,,,
Robinson Brooks,Robinson,Brooks,,,1,,,
Robinson Eric,Robinson,Eric,,,,,,
Robinson Jack,Robinson,Jack,,,,,,
Robinson Jerry,Robinson,Jerry,,,,,,
Robinson Junior,Robinson,Junior,,,,,,
Robinson Keith,Robinson,Keith,,,,,,
Robinson L.,Robinson L.,,,,,,,
Robinson Larry,Robinson,Larry,,,,,,
Robinson M.,Robinson M.,,,,,,,
Robinson Mike,Robinson,Mike,,,,,,
RobinsonDavid,Robinson,David,,,1,,,Navy
RobinsonFrank,Robinson,Frank,,,1,,,
RobinsonJackie,Robinson,Jackie,,,1,,,
Robitaille Luc,Robitaille,Luc,,,1,,,
RockneKnute,Rockne,Knute,,,1,,,NotreDame
Roddy S.,Roddy S.,,,,,,,
Rodman,Rodman,Dennis,,,1,,,
RodriguezAlex,Rodriguez,Alex,,,,,,
RodriguezIvan,Rodriguez,Ivan,,,1,,,
Roe B.,Roe B.,,,,,,,
Roenick Jeremy,Roenick,Jeremy,,,,,,
RoePreacher,Roe,Preacher,,,,,,
Rogers Carlos,Rogers,Carlos,,,,,,
Rogers G.,Rogers,George,,,,1,,SouthCarolina
Rojas Cookie,Rojas,Cookie,,,,,,
Rolston B.,Rolston B.,,,,,,,
Romano R.,Romano R.,,,,,,,
Rondo Rajon,Rondo,Rajon,,,,,,
Rosen A.,Rosen A.,,,,,,,
Rosenthal,Rosenthal,,,,,,,
RosePete,Rose,Pete,,,,,1,
Ross D.,Ross D.,,,,,,,
Rossiter K.,Rossiter K.,,,,,,,
Rossum Allen,Rossum,Allen,,,,,,
Rote Tobin,Rote,Tobin,,,,,,
Royal Donald,Royal,Donald,,,,,,
RoyPatrick,Roy,Patrick,,,1,,,
Rozier,Rozier,Mike,,,,1,,
Rucinsky,Rucinsky,,,,,,,
Ruddy,Ruddy,,,,,,,
Rudi,Rudi,Joe,,,,,,
Rudolph B.,Rudolph B.,,,,,,,
RudolphKyle,Rudolph,Kyle,,,,,1,
Ruettiger Rudy,Ruettiger,Rudy,,,,,,
Ruid J.C.,Ruid,JC,,,,,,
Rush M.,Rush M.,,,,,,,
Russell B.,Russell B.,,,,,,,
Russell Kei'Varae,Russell,Kei'Varae,,,,,,
RussellBill,Russell,Bill,,,1,,,SanFrancisco
RuthBabe,Ruth,Babe,,,1,,,
Rutkowski,Rutkowski,,,,,,,
Ruzek R.,Ruzek R.,,,,,,,
Ryan Bobby,Ryan,Bobby,,,,,,
Ryan Matt,Ryan,Matt,,,,,,
Ryan Tim,Ryan,Tim,,,,,,
RyanNolan,Ryan,Nolan,,,1,,,
Rydzewski,Rydzewski,,,,,,,
Rykovich,Rykovich,,,,,,,
Rymkus,Rymkus,,,,,,,
Rypien,Rypien,Mark,,,,,,WashingtonState
S.J. Green,Green,SJ,,,,,,
SaberhaganBrett,Saberhagan,Brett,,,1,,,
SaberhagenBrett,Saberhagen,Brett,,,1,,,
Sacco,Sacco,,,,,,,
Saddler,Saddler,,,,,,,
Safronov,Safronov,,,,,,,
Sahm W.,Sahm W.,,,,,,,
Sakic Joe,Sakic Joe,,,,,,,
Salak Alexander,Salak,Alexander,,,,,,
Salisbury Sean,Salisbury,Sean,,,,,,
Salming Borje,Salming,Borje,,,,,,
Salmon,Salmon,,,,,,,
Salo,Salo,,,,,,,
SamardzijaJeff,Samardzija,Jeff,,,,,,NotreDame
Sample,Sample,,,,,,,
Sampson,Sampson,Ralph,,,1,,,Virginia
Sampson Lee,Sampson,Lee,,,,,,
Samsonov Sergie,Samsonov,Sergie,,,,,,
SamualsChris,Samuals,Chris,,,,,1,
Samuelsson,Samuelsson,,,,,,,
SandbergRyne,Sandberg,Ryne,,,1,,,
Sanders R.,Sanders R.,,,,,,,
Sanders T.,Sanders T.,,,,,,,
SandersBarry,Sanders,Barry,,,1,1,,OklahomaState
SandersDeion,Sanders,Deion,,,1,,,FloridaState
Sanderson,Sanderson,,,,,,,
Sandri,Sandri,,,,,,,
Sandstrom,Sandstrom,,,,,,,
Sandusky Alex,Sandusky,Alex,,,,,,
Sanguillen,Sanguillen,,,,,,,
Santala,Santala,,,,,,,
Sapunjas,Sapunjas,,,,,,,
Sapunjis,Sapunjis,,,,,,,
Sauer,Sauer,,,,,,,
Sauer Hank,Sauer,Hank,,,,,,
Sauldsberry Woody,Sauldsberry,Woody,,,,,,
Saunders,Saunders,,,,,,,
Savard Dennis,Savard,Dennis,,,,,,
Sawchuk,Sawchuk,Terry,,,,,,
Sax,Sax,Steve,,,,,,
SayersGale,Sayers,Gale,,,1,,,Kansas
Scanlan,Scanlan,,,,,,,
Scarpito,Scarpito,,,,,,,
Schaefer D.,Schaefer D.,,,,,,,
Schaefer P.,Schaefer P.,,,,,,,
Schapansky,Schapansky,,,,,,,
Schellen,Schellen,,,,,,,
SchillingCurt,Schilling,Curt,,,,,1,
Schlichter,Schlichter,,,,,,,
Schneider A.,Schneider A.,,,,,,,
Schnittker,Schnittker,,,,,,,
Schoen,Schoen,,,,,,,
Schoenfeld J.,Schoenfeld J.,,,,,,,
ScholtzJohn,Scholtz,John,,,,,,
Schrader,Schrader,,,,,,,
Schriner M.,Schriner M.,,,,,,,
Schubert T.,Schubert T.,,,,,,,
Schuette,Schuette,,,,,,,
Schultz,Schultz,,,,,,,
Schultz Jeff,Schultz,Jeff,,,,,,
Schumperli,Schumperli,,,,,,,
Schwabe J.,Schwabe J.,,,,,,,
Schwartz,Schwartz,,,,,,,
Schwartzkoff,Schwartzkoff,Norman,,,,,,
Sciba Josh,Sciba,Josh,,,,,,
Scibelli,Scibelli,,,,,,,
Scioscia,Scioscia,Mike,,,,,,
Scott Byron,Scott,Byron,,,,,1,
Scott C.,Scott C.,,,,,,,
Scott Clarence,Scott,Clarence,,,,,,
Scott Clyde,Scott,Clyde,,,,,,
Scott George,Scott,George,,,,,,
Scott James,Scott,James,,,,,,
Scott Vince,Scott,Vince,,,,,,
Scully,Scully,,,,,,,
Seabrook Brent,Seabrook,Brent,,,,,,
Seale,Seale,,,,,,,
Sears V.,Sears V.,,,,,,,
SeauJunior,Seau,Junior,,,1,,,USC
SeaverTom,Seaver,Tom,,,1,,,
Sedin Daniel,Sedin,Daniel,,,,,,
Sedin Hendrik,Sedin,Hendrik,,,,,,
Sefcik George,Sefcik,George,,,,,,
Selanne,Selanne,,,,,,,
Selanne Teemu,Selanne,Teemu,,,,,,
Seliger,Seliger,,,,,,,
Selivanov,Selivanov,,,,,,,
Sellers Mike,Sellers,Mike,,,,,,
Selmon Dewey,Selmon,Dewey,,,,,,
Semenov A.,Semenov A.,,,,,,,
Semin Alexander,Semin,Alexander,,,,,,
Setta Nick,Setta,Nick,,,,,,
Sevigny S.,Sevigny S.,,,,,,,
Sexton J.,Sexton J.,,,,,,,
Seymour Jim,Seymour,Jim,,,,,,
Seymour Paul,Seymour,Paul,,,,,,
Shakespeare,Shakespeare,William,,,,,,
Shanahan,Shanahan,,,,,,,
Shantz,Shantz,,,,,,,
Sharifijanov,Sharifijanov,,,,,,,
Sharp Patrick,Sharp,Patrick,,,,,,
Sharpe Sterling,Sharpe,Sterling,,,,,,
Shastin,Shastin,,,,,,,
Shattenkirk Kevin,Shattenkirk,Kevin,,,,,,
Shaw B.,Shaw B.,,,,,,,
Shaw David,Shaw,David,,,,,,
Shaw G.,Shaw G.,,,,,,,
Shaw R.,Shaw R.,,,,,,,
Shaw Wayne,Shaw,Wayne,,,,,,
Sheahan Riley,Sheahan,Riley,,,,,,
Sheets Kory,Sheets,Kory,,,,,,
Sheffield G.,Sheffield,Gary,,,,,,
Sheffield L.,Sheffield L.,,,,,,,
Shell D.,Shell,Donnie,,,,,,
Shepard Charlie,Shepard,Charlie,,,,,,
Shepherd Johnny,Shepherd,Johnny,,,,,,
Sheppard,Sheppard,Ray,,,,,,
Sherman Will,Sherman,Will,,,,,,
Shipley Jordan,Shipley,Jordan,,,,,,
Shirjaev,Shirjaev,,,,,,,
Shirk G.,Shirk G.,,,,,,,
Shottenhiemer,Shottenhiemer,Marty,,,,,,
Shtalenkov,Shtalenkov,,,,,,,
Shula,Shula,Donnie,,,,,,
Shulmistra,Shulmistra,,,,,,,
Shumate,Shumate,,,,,,,
Shutt Steve,Shutt,Steve,,,,,,
Shvidki,Shvidki,,,,,,,
Siani,Siani,Mike,,,,,,
Sichting,Sichting,,,,,,,
Siegfried,Siegfried,,,,,,,
Sierra,Sierra,Ruben,,,,,,
Sievers R.,Sievers R.,,,,,,,
Sifers Jaime,Sifers,Jaime,,,,,,
Silas Paul,Silas,Paul,,,,,,
Silk Dave,Silk,Dave,,,,,,
Sillinger,Sillinger,,,,,,,
Sim J.,Sim J.,,,,,,,
Simmer C.,Simmer C.,,,,,,,
Simmons R.,Simmons R.,,,,,,,
Simon Ben,Simon,Ben,,,,,,
Simon C.,Simon C.,,,,,,,
Simon Geroy,Simon,Geroy,,,,,,
Simpson Chad,Simpson,Chad,,,,,,
Simpson O.J.,Simpson,OJ,,,1,1,,USC
Simpson T.,Simpson T.,,,,,,,
Sims E.A.,Sims,EA,,,,,,
Singleton T.,Singleton T.,,,,,,,
Sinkovitz,Sinkovitz,,,,,,,
Sipe,Sipe,Brian,,,,,,
Sisler,Sisler,George,,,,,,
Sistrunk M.,Sistrunk,Manny,,,,,,
Sistrunk O.,Sistrunk,Otis,,,,,,
Sitko,Sitko,,,,,,,
Sittler Daryl,Sittler,Daryl,,,,,,
Sittler R.,Sittler R.,,,,,,,
Sizemore,Sizemore,,,,,,,
Sjoberg Lars-Erik,Sjoberg,Lars-Erik,,,,,,
Skalde J.,Skalde J.,,,,,,,
Skoglund,Skoglund,,,,,,,
Skosyrev,Skosyrev,,,,,,,
Skrudland,Skrudland,,,,,,,
Slack Reggie,Slack,Reggie,,,,,,
Slager,Slager,,,,,,,
Slagle,Slagle,,,,,,,
Slaney J.,Slaney J.,,,,,,,
Sloan Jerry,Sloan,Jerry,,,,,,
Sloan Tyler,Sloan,Tyler,,,,,,
Smagala,Smagala,,,,,,,
Smale Ted,Smale,Ted,,,,,,
Smear,Smear,,,,,,,
Smerlas,Smerlas,Fred,,,,,,
Smirnov,Smirnov,,,,,,,
Smith Antoine,Smith,Antoine,,,,,,
Smith Antonio,Smith,Antonio,,,,,,
Smith Billy,Smith,Billy,,,,,,
Smith G.,Smith G.,,,,,,,
Smith Greg,Smith,Greg,,,,,,
Smith Harrison,Smith,Harrison,,,,,,
Smith Hunter,Smith,Hunter,,,,,,
Smith Irv,Smith,Irv,,,,,,
Smith J.,Smith J.,,,,,,,
Smith Jim,Smith,Jim,,,,,,
Smith Mark,Smith,Mark,,,,,,
Smith Nick,Smith,Nick,,,,,,
Smith Ozzie,Smith,Ozzie,,,1,,,
Smith Peewee,Smith,Peewee,,,,,,
Smith Rod,Smith,Rod,,,,,,
Smith Seth,Smith,Seth,,,,,,
Smith Tony,Smith,Tony,,,,,,
Smithberger,Smithberger,,,,,,,
SmithBruce,Smith,Bruce,,,1,,,VirginiaTech
SmithBubba,Smith,Bubba,,,,,1,
SmithDoug,Smith,Doug,,,,,,
SmithEd,Smith,Ed,,,,,,
SmithEmmitt,Smith,Emmitt,,,1,,,Florida
Smoltz,Smoltz,John,,,1,,,
Smyth J.,Smyth J.,,,,,,,
Snead,Snead,Norm,,,,,,
Snead S.,Snead S.,,,,,,,
Snell C.,Snell C.,,,,,,,
Snider,Snider,Duke,,,1,,,
Snow Garth,Snow,Garth,,,,,,
Snowden,Snowden,,,,,,,
SnowJack,Snow,Jack,,,,,,
Snyder Dick,Snyder,Dick,,,,,,
Sobie Ron,Sobie,Ron,,,,,,
Sommer R.,Sommer R.,,,,,,,
Sorokin,Sorokin,,,,,,,
SosaSammy,Sosa,Sammy,,,,,,
Soucy Christian,Soucy,Christian,,,,,,
Southall,Southall,,,,,,,
Sowieta,Sowieta,,,,,,,
Spacek,Spacek,,,,,,,
Spahn,Spahn,,,,,,,
Spaniel Frank,Spaniel,Frank,,,,,,
Sparrow Guy,Sparrow,Guy,,,,,,
Spencer T.,Spencer T.,,,,,,,
Spezza,Spezza,,,,,,,
SpielmanChris,Spielman,Chris,,,,,,
Spilborghs Ryan,Spilborghs,Ryan,,,,,,
Springs R.,Springs,Ron,,,,,,
Springs S.,Springs,Shawn,,,,,,
Sproles Darren,Sproles,Darren,,,,,,
Spurrier,Spurrier,Steve,,,,1,,Florida
St. Clair M.,St. Louis,Martin,,,1,,,
St. Louis,St. Louis,Martin,,,1,,,
St. Pierre D.,St. Pierre D.,,,,,,,
St. Sauveur,St. Sauveur,,,,,,,
Staal Jordan,Staal Jordan,,,,,,,
StablerKen,Stabler,Ken,,,1,,,Alabama
Stacom,Stacom,,,,,,,
Stafford,Stafford,,,,,,,
Stala Dave,Stala,Dave,,,,,,
Stalberg Viktor,Stalberg,Viktor,,,,,,
Stall Marc,Stall,Marc,,,,,,
Stalls,Stalls,,,,,,,
Stallworth,Stallworth,John,,,1,,,AlabamaA&M
Stamps Fred,Stamps,Fred,,,,,,
Stams Frank,Stams,Frank,,,,,,
Stanley M.,Stanley M.,,,,,,,
Stapler Steve,Stapler,Steve,,,,,,
Stark Dolly,Stark,Dolly,,,,,,
Starkey,Starkey,,,,,,,
Starostenko,Starostenko,,,,,,,
Starr,Starr,Bart,,,1,,,Alabama
Stastny Paul,Stastny,Paul,,,,,,
Stastny Peter,Stastny,Peter,,,,,,
Staub,Staub,Rusty,,,,,,
StaubachRoger,Staubach,Roger,,,1,1,,Navy
Stautner,Stautner,,,,,,,
Stec,Stec,,,,,,,
Stefan P.,Stefan P.,,,,,,,
Steiner,Steiner,,,,,,,
Stelnov,Stelnov,,,,,,,
Stenerud,Stenerud,Jan,,,1,,,MontanaState
Stenger,Stenger,,,,,,,
Stepan Derek,Stephan,Derek,,,,,,
Stephens J.,Stephens J.,,,,,,,
Stevens K.,Stevens K.,,,,,,,
Stevens Scott,Stevens,Scott,,,1,,,
Stevenson T.,Stevenson T.,,,,,,,
Stewart Chris,Stewart,Chris,,,,,,
Stewart Eddie,Stewart,Eddie,,,,,,
Stewart Ian,Stewart,Ian,,,,,,
Stewart K.,Stewart K.,,,,,,,
Stewart Payne,Stewart,Payne,,,,,,
Stewart Ron,Stewart,Ron,,,,,,
Stewart Tony,Stewart,Tony,,,,,,
Stickles Monty,Stickles,Monty,,,,,,
Stingley,Stingley,Darryl,,,,,,
Stoa Ryan,Stoa,Ryan,,,,,,
Stockton,Stockton,John,,,1,,,Gonzaga
Stolte John,Stolte,John,,,,,,
Stone Billy,Stone,Billy,,,,,,
Stone Don,Stone,Don,,,,,,
Stonebreaker,Stonebreaker,Michael,,,,,,
Stoqua,Stoqua,,,,,,,
Storr,Storr,,,,,,,
Stoudt C.,Stoudt C.,,,,,,,
Stovall Maurice,Stoval,Maurice,,,,,,
Straka,Straka,,,,,,,
Strakhov Y.,Strakhov Y.,,,,,,,
Stram,Stram,Hank,,,1,,,
StrasburgStephen,Strasburg,Stephen,,,,,1,SanDiegoState
Street Huston,Street,Huston,,,,,,
Streeter,Streeter,,,,,,,
Strong D.,Strong D.,,,,,,,
Stroud,Stroud,,,,,,,
Strum Marco,Strum,Marco,,,,,,
Stuhldreher,Stuhldreher,,,,,,,
Stumpel,Stumpel,,,,,,,
Sugarman,Sugarman,,,,,,,
SuhNdamukong,Suh,Ndamukong,,,,,1,Nebraska
Sullivan John,Sullivan,John,,,,,,
Sullivan P.,Sullivan,Pat,,,,1,,Auburn
Sundin Mat,Sundin,Mat,,,,,,
Sundstrom,Sundstrom,,,,,,,
Suter G.,Suter G.,,,,,,,
Suter Ryan,Suter,Ryan,,,,,,
Sutter Brian,Sutter,Brian,,,,,,
Suzuki Ichiro,Suzuki,Ichiro,,,,,1,
Svehla,Svehla,,,,,,,
Svejkovsky,Svejkovsky,,,,,,,
Sverztov A.,Sverztov A.,,,,,,,
Svhela,Svhela,,,,,,,
Swann,Swann,,,,,,,
Swarn,Swarn,,,,,,,
Sweeney,Sweeney,,,,,,,
Sweet Daimon,Sweet,Daimon,,,,,,
Swider,Swider,,,,,,,
Swift B.,Swift B.,,,,,,,
Swift Bob,Swift,Bob,,,,,,
Swistowicz,Swistowicz,,,,,,,
Switzer Verl,Switzer,Verl,,,,,,
Sydney H.,Sydney H.,,,,,,,
Symons,Symons,,,,,,,
Syroczynski Matt,Syroczynski,Matt,,,,,,
Szymanski,Szymanski,,,,,,,
Taliaferro,Taliaferro,,,,,,,
Tallackson Barry,Tallackson,Barry,,,,,,
Talley S.,Talley S.,,,,,,,
Tamburro M.,Tamburro M.,,,,,,,
Tanabe,Tanabe,,,,,,,
Tanana,Tanana,,,,,,,
Tanguay Alex,Tanguay,Alex,,,,,,
Tardif M.,Tardif M.,,,,,,,
Tarrant Jerry,Tarrant,Jerry,,,,,,
Tartabull,Tartabull,,,,,,,
Tate Drew,Tate,Drew,,,,,,
TateGolden,Tate,Golden,,,,,,NotreDame
TatupuMosi,Tatupu,Mosi,,,,,,
Taylor Aaron,Taylor,Aaron,,,,,,
Taylor Billy,Taylor,Billy,,,,,,
Taylor Bobby,Taylor,Bobby,,,,,,
Taylor Bobby CFL,Taylor,Bobby,,,,,,
Taylor John,Taylor,John,,,,,,
Taylor Ollie,Taylor,Ollie,,,,,,
Taylor Otis,Taylor,Otis,,,0,,1,PrarieView
TaylorCharley,Taylor,Charley,,,1,,,ArizonaState
TaylorJim,Taylor,Jim,,,1,,,LSU
TaylorSean,Taylor,Sean,,,,,1,MiamiFL
Teague Matthew,Teague,Matthew,,,,,,
TebowTim,Tebow,Tim,,,,1,1,Florida
TenaceGene,Tenace,Gene,,,,,,
Teows Jonathan,Teows,Jonathan,,,,,,
Tereshinski,Tereshinski,,,,,,,
Terrell,Terrell,,,,,,,
Testaverde,Testaverde,Vinnie,,,,1,,MiamiFL
Tetarenko,Tetarenko,,,,,,,
Tezikov A.,Tezikov A.,,,,,,,
Thang Ryan,Thang,Ryan,,,,,,
Thayer,Thayer,,,,,,,
TheismannJoe,Theismann,Joe,,,,,1,NotreDame
Theodore Jose,Theodore,Jose,,,,,,
Therien C.,Therien C.,,,,,,,
Thibault,Thibault,,,,,,,
Thieben Bill,Thieben,Bill,,,,,,
Thomas Bob,Thomas,Bob,,,,,,
Thomas D.,Thomas,Derrick,,,1,,,Alabama
Thomas J.,Thomas J.,,,,,,,
Thomas Randy,Thomas,Randy,,,,,,
Thomas Tim,Thomas,Tim,,,,,,
Thomas Z.,Thomas,Zach,,,,,,
ThomasFrank,Thomas,Frank,,,1,,,LSU
ThomasThurman,Thomas,Thurman,,,1,,,OklahomaState
Thome Jim,Thome,Jim,,,1,,,
Thompson Bobby,Thompson,Bobby,,,,,,
Thompson Brent,Thompson,Brent,,,,,,
Thompson J.,Thompson J.,,,,,,,
Thompson Rocky,Thompson,Rocky,,,,,,
Thon D.,Thon D.,,,,,,,
Thornton B.,Thornton B.,,,,,,,
Thornton Joe,Thornton,Joe,,,,,,
Thornton S.,Thornton S.,,,,,,,
Thorpe Jim,Thorpe,Jim,,,1,,,Carlisle
Threadgill Bruce,Threadgill,Bruce,,,,,,
Thurmond,Thurmond,Nate,,,1,,,BowlingGreen
Tiant,Tiant,Luis,,,,,,
Tikhonov,Tikhonov,,,,,,,
Tikkanen,Tikkanen,,,,,,,
Tilley B.,Tilley B.,,,,,,,
TillmanPat,Tillman,Pat,,,,,1,ArizonaState
Timonen,Timonen,,,,,,,
Tinordi Jarred,Tinordi,Jarred,,,,,,
Tipton D.,Tipton D.,,,,,,,
TittleY.A.,Tittle,Y.A.,,,1,,,LSU
Tjarnqvist,Tjarnqvist,,,,,,,
Tkachuk,Tkachuk,,,,,,,
Tkaczuk D.,Tkaczuk D.,,,,,,,
Tocchet,Tocchet,,,,,,,
Todd R.,Todd R.,,,,,,,
Tomilin,Tomilin,,,,,,,
Tomjanovich,Tomjanovich,Rudi,,,,,,
Tomlin,Tomlin,,,,,,,
Toneff Bob,Toneff,Bob,,,,,,
Toran,Toran,,,,,,,
Torney Mike,Torney,Mike,,,,,,
Toropchenko,Toropchenko,,,,,,,
Torre,Torre,Joe,,,1,,,
Torrez M.,Torrez M.,,,,,,,
Toussaint,Toussaint,,,,,,,
Tovar,Tovar,,,,,,,
Tower Keith,Tower,Keith,,,,,,
Townsell,Townsell,,,,,,,
Townsell Jo Jo,Townsell,JoJo,,,,,,
Townsend M.,Townsend M.,,,,,,,
Trafton,Trafton,,,,,,,
Trammell B.,Trammell B.,,,,,,,
Travis Cecil,Travis,Cecil,,,,,,
Traynor,Traynor,,,,,,,
Trebil D.,Trebil D.,,,,,,,
Trefilov,Trefilov,,,,,,,
Tremblay J.C.,Tremblay,JC,,,,,,
Tremblay Simon,Tremblay,Simon,,,,,,
Trifaux,Trifaux,,,,,,,
TripuckaFrank,Tripucka,Frank,,,,,,
TripuckaKelly,Tripucka,Kelly,,,,,,
Troschinsky A.,Troschinsky A.,,,,,,,
Trotter William,Trotter,William,,,,,,
Trottier,Trottier,,,,,,,
Trout David,Trout,David,,,,,,
Trudeau,Trudeau,,,,,,,
Trukhno,Trukhno,,,,,,,
Trull,Trull,,,,,,,
Truvillion,Truvillion,,,,,,,
Trvdon,Trvdon,,,,,,,
Tsioropoulas,Tsioropoulas,,,,,,,
Tsulygin,Tsulygin,,,,,,,
Tsyplakov,Tsyplakov,,,,,,,
Tucker C.,Tucker C.,,,,,,,
TuckJustin,Tuck,Justin,,,,,,
Tudor,Tudor,,,,,,,
Tuiasosopo,Tuiasosopo,,,,,,,
Tuitt Stephon,Tuitt,Stehpon,,,,,,
TulowitzkiTroy,Tulowitzki,Troy,,,,,,
Tuomainen M.,Tuomainen M.,,,,,,,
Turco Marty,Turco,Marty,,,,,,
Turek,Turek,,,,,,,
Turgeon Pierre,Turgeon,Pierre,,,,,,
Turner J.T.,Turner J.T.,,,,,,,
Tverdovsky,Tverdovsky,,,,,,,
Twyman,Twyman,,,,,,,
Ujcik V.,Ujcik V.,,,,,,,
Ulmer,Ulmer,,,,,,,
Unitas,Unitas,John,,,1,,,Louisville
UnseldWes,Unseld,Wes,,,1,,,Louisville
Upchurch,Upchurch,,,,,,,
Vaas,Vaas,,,,,,,
Valentin John,Valentine,John,,,,,,
Valentine E.,Valentine E.,,,,,,,
Valenzuela,Valenzuela,Fernando,,,,,,
Valk G.,Valk G.,,,,,,,
Van Arsdale Dick,Van Arsdale,Dick,,,,,,
Van Guilder Mark,Van Guilder,Mark,,,,,,
Vanbiesbrouck,Vanbiesbrouck,John,,,,,,
Varitek,Varitek,,,,,,,
Varjanov,Varjanov,,,,,,,
Varlamov,Varlamov,Semyon,,,,,,
Varrichione,Varrichione,,,,,,,
Varvio J.,Varvio J.,,,,,,,
Vasilijevs H.,Vasilijevs H.,,,,,,,
Vataha,Vataha,,,,,,,
Vaughan Arky,Vaughn,Arky,,,,,,
Vaughan Kaye,Vaughn,Kay,,,,,,
Vaughn M.,Vaughn,Maurice,,,,,,
Vaughn R.,Vaughn R.,,,,,,,
Vaughn Terry,Vaughn,Terry,,,,,,
Veilleux E.,Veilleux E.,,,,,,,
Vella Len,Vella,Len,,,,,,
Veneruzzo,Veneruzzo,,,,,,,
Ventura,Ventura,Robin,,,,,,
Verbeek,Verbeek,,,,,,,
Verdin C.,Verdin C.,,,,,,,
Vernon,Vernon,,,,,,,
Vernon M.,Vernon M.,,,,,,,
Vernon Mickey,Vernon,Mickey,,,,,,
Vernon Mike,Vernon,Mike,,,,,,
Versalles,Versalles,,,,,,,
Versallis,Versallis,,,,,,,
Vezina,Vezina,,,,,,,
Vidro J.,Vidro J.,,,,,,,
Viitakoski,Viitakoski,,,,,,,
Villanueva,Villanueva,,,,,,,
Villapiano,Villapiano,Phil,,,,,1,
Vinokurov D.,Vinokurov D.,,,,,,,
Vinson,Vinson,,,,,,,
Vitolins H.,Vitolins H.,,,,,,,
Vitolinsh,Vitolinsh,,,,,,,
Voisard G.,Voisard G.,,,,,,,
Volchkov A.,Volchkov A.,,,,,,,
Volkov,Volkov,,,,,,,
Volkov A.,Volkov A.,,,,,,,
Volkov M.,Volkov M.,,,,,,,
Vopat P.,Vopat P.,,,,,,,
Vostrikov,Vostrikov,,,,,,,
Wade S.,Wade S.,,,,,,,
Wadsworth Mike,Wadsworth,Mike,,,,,,
Wagasy,Wagasy,,,,,,,
Wagner H.,Wagner,Honus,,,,,,
Wake Cameron,Wake,Cameron,,,,,,
Walker Antoine,Walker,Antoine,,,,,,
Walker Chet,Walker,Chet,,,1,,,Bradley
Walker Chevon,Walker,Chevon,,,,,,
Walker Darius,Walker,Darius,,,,,,
Walker Herschel,Walker,Hershel,,,,1,1,Georgia
Walker Mike,Walker,Mike,,,,,,
Walker Tom,Walker,Tom,,,,,,
WalkerLarry,Walker,Larry,,,1,,,
Wallace B.,Wallace B.,,,,,,,
Wallace L.,Wallace L.,,,,,,,
Wallace Tim,Wallace,Tim,,,,,,
Wallach,Wallach,,,,,,,
Walls C.,Walls C.,,,,,,,
Walsh A.,Walsh A.,,,,,,,
Walsh Bill,Walsh,Bill,,,1,,,
Walters D.,Walters D.,,,,,,,
Walters J.,Walters J.,,,,,,,
Walton Dick,Walton,Dick,,,,,,
Walton J.,Walton J.,,,,,,,
Walton Shane,Walton,Shane,,,,,,
WaltonBill,Walton,Bill,,,1,,,UCLA
Walz W.,Walz W.,,,,,,,
Waner Paul,Waner,Paul,,,,,,
Ward C.,Ward,Charlie,,,1,,,FloridaState
Ward D.,Ward D.,,,,,,,
Ward J.,Ward J.,,,,,,,
Ward Joel,Ward,Joel,,,,,,
Ward Lance,Ward,Lance,,,,,,
WardHines,Ward,Hines,,,,,,
Ware Andre,Ware,Andre,,,,1,,Houston
Ware J.,Ware J.,,,,,,,
Warner C.,Warner C.,,,,,,,
WarnerKurt,Warner,Kurt,,,,,,
Warren C.,Warren C.,,,,,,,
Warrener,Warrener,,,,,,,
Warstler,Warstler,,,,,,,
Washburn,Washburn,,,,,,,
Washington J.,Washington J.,,,,,,,
Washington Jim,Washington,Jim,,,,,,
Watson Courtney,Watson,Courtney,,,,,,
Watson Joe,Watson,Joel,,,,,,
WattersRicky,Watters,Ricky,,,,,,
WattsJ.C.,Watts,J.C.,,,,,1,
Waymer,Waymer,,,,,,,
Weatherly Stormy,Weatherly,Stormy,,,,,,
Weaver Anthony,Weaver,Anthony,,,,,,
Weaver E.,Weaver,Earl,,,1,,,
Weber M.,Weber M.,,,,,,,
WebsterMike,Webster,Mike,,,1,,,Wisconsin
Weekes Kevin,Weekes,Kevin,,,,,,
Weeks,Weeks,,,,,,,
Weight,Weight,,,,,,,
Weiner Art,Weiner,Art,,,,,,
Weinhandl,Weinhandl,,,,,,,
Weiss Bob,Weiss,Bob,,,,,,
Wells,Wells,,,,,,,
Wells C.,Wells C.,,,,,,,
Werenka B.,Werenka B.,,,,,,,
Wesolowski,Wesolowski,,,,,,,
West R.,West R.,,,,,,,
Westbrook B.,Westbrook B.,,,,,,,
WestbrookMichael,Westbrook,Michael,,,,,,Nebraska
WestJerry,West,Jerry,,,1,,,WestVirginia
Westphal,Westphal,Paul,,,1,,,
Wetherhill D.,Wetherhill D.,,,,,,,
Wetoska,Wetoska,,,,,,,
Whisler Bill,Whisler,Bill,,,,,,
Whitaker,Whitaker,,,,,,,
Whitaker Brandon,Whitaker,Brandon,,,,,,
White D.,White,Danny,,,,,1,
White James J.,White,James,J,,,,,
White Jim,White,Jim,,,,,,
White Jo Jo,White,JoJo,,,1,,,
White John Henry,White,John,Henry,,,,,
White Justin,White,Justin,,,,,,
White Stan,White,Stan,,,1,,,
White V.,White V.,,,,,,,
Whitehouse Reg,Whitehouse,Reg,,,,,,
WhiteRandy,White,Randy,,,1,,,Maryland
WhiteReggie,White,Reggie,,,1,,,Tennessee
Whitfield A.D.,Whitfield,AD,,,,,,
Whitmore,Whitmore,,,,,,,
Whitney Ray,Whitney,Ray,,,,,,
Whitney Ryan,Whitney,Ryan,,,,,,
Whitten Erin,Whitten,Erin,,,,,,
Whittington,Whittington,,,,,,,
Wightkin,Wightkin,,,,,,,
Wilde Martin,Wilde,Martin,,,,,,
Wilkens L.,Wilkens,Lenny,,,1,,,Providence
Wilkerson B.,Wilkerson B.,,,,,,,
Wilkinson D.,Wilkinson D.,,,,,,,
Wilkinson Tom,Wilkinson,Tom,,,,,,
Williams Billy,Williams,Billy,,,,,,
Williams Bob,Williams,Bob,,,,,,
Williams Chris,Williams,Chris,,,,,,
Williams Doug,Williams,Doug,,,,,1,GramblingState
Williams Duck,Williams,Duck,,,,,,
Williams G.,Williams G.,,,,,,,
Williams George,Williams,George,,,,,,
Williams Gizzmo,Williams,Gizmo,,,,,,
Williams H.,Williams H.,,,,,,,
Williams Ian,Williams,Ian,,,,,,
Williams Ishaq,Williams,Ishaq,,,,,,
Williams Matt,Williams,Matt,,,,,,
Williams Monty,Williams,Monty,,,,,,
Williams Ted,Williams,Ted,,,1,,,
Williams Trent,Williams,Trent,,,,,,
Williamson Fred,Williamson,Fred,,,,,1,
Wilson Darrell,Wilson,Darrell,,,,,,
Wilson Earl,Wilson,Earl,,,,,,
Wilson H.,Wilson H.,,,,,,,
Wilson M.,Wilson M.,,,,,,,
Wilson R.,Wilson R.,,,,,,,
Wilson Ron,Wilson,Ron,,,,,,
Wilson Ryan,Wilson,Ryan,,,,,,
Winslow,Winslow,Kellen,,,1,,,Missouri
Witt B.,Witt B.,,,,,,,
Woerner,Woerner,,,,,,,
Wolley,Wolley,,,,,,,
Wood Cierre,Wood,Cierre,,,,,,
Wood G.,Wood G.,,,,,,,
Wooden Shawn,Wooden,Shawn,,,,,,
Woodson Abe,Woodson,Abe,,,,,,
Woodson R.,Woodson,Rod,,,1,,,Purdue
Woodson S.,Woodson S.,,,,,,,
Woodward,Woodward,,,,,,,
Woodward D.,Woodward D.,,,,,,,
WoolridgeOrlando,Woolridge,Orlando,,,,,,
Worden,Worden,,,,,,,
Worden Neil,Worden,Neil,,,,,,
Worrell,Worrell,,,,,,,
Worsely,Worsely,,,,,,,
Worthy G.,Worthy G.,,,,,,,
Wren R.,Wren R.,,,,,,,
Wright Felix,Wright,Felix,,,,,,
Wright T.,Wright T.,,,,,,,
Wroblewski John,Wroblewski,John,,,,,,
Wuerffel,Wuerffel,Danny,,,,1,,Florida
Wydareny,Wydareny,,,,,,,
Wynn Renaldo,Wynn,Renaldo,,,,,,
Yakovenko,Yakovenko,,,,,,,
Yankowski,Yankowski,Ron,,,,,,
Yarno,Yarno,,,,,,,
Yarr,Yarr,,,,,,,
Yary Ron,Yary,Ron,,,1,,,USC
Yashin A.,Yashin A.,,,,,,,
Yashin O.,Yashin O.,,,,,,,
YastrzemskiCarl,Yastrzemski,Carl,,,1,,,
Yeager,Yeager,Steve,,,,,,
Yelovich,Yelovich,,,,,,,
Yip Brandon,Yip,Brandon,,,,,,
Ylonen J.,Ylonen J.,,,,,,,
Yonkman,Yonkman,,,,,,,
Young Bryant,Young,Bryant,,,,,,
Young C.,Young C.,,,,,,,
Young Eric Jr.,Young,Eric,,Jr,,,,
Young J.,Young J.,,,,,,,
Young Sam,Young,Sam,,,,,,
Young Scott,Young,Scott,,,,,,
Young Steve,Young,Steve,,,1,,,BYU
Youngblood,Youngblood,Jack,,,1,,,Florida
Youngblood J.,Youngblood,Jim,,,,,,
Younger Tank,Younger,Tank,,,,,,
Yount,Yount,Robin,,,1,,,
Yurzinov,Yurzinov,,,,,,,
Yushkevich,Yushkevich,,,,,,,
Yzerman,Yzerman,Steve,,,1,,,
Zackrison,Zackrison,,,,,,,
Zahn G.,Zahn G.,,,,,,,
Zaitsev,Zaitsev,,,,,,,
Zamaner,Zamaner,,,,,,,
Zambiasi,Zambiasi,,,,,,,
Zamuner,Zamuner,,,,,,,
Zataveski,Zataveski,,,,,,,
Zbikowski Tom,Zbikowski,Tom,,,,,,
Zednik,Zednik,Richard,,,,,,
Zeigler Dusty,Zeigler,Dusty,,,,,,
Zeile,Zeile,Todd,,,,,,
Zelepukin,Zelepukin,,,,,,,
Zellars Ray,Zellars,Ray,,,,,,
Zendejas L.,Zendejas,Luis,,,,,,
Zendejas T.,Zendejas,Tony,,,,,,
Zetterberg Henrik,Zetterberg,Henrik,,,,,,
Zevakhine,Zevakhine,,,,,,,
Zezel,Zezel,,,,,,,
Zhamnov,Zhamnov,,,,,,,
Zhitnik,Zhitnik,,,,,,,
Zholtok,Zholtok,,,,,,,
Zholtok S.,Zholtok S.,,,,,,,
Zickefoose,Zickefoose,,,,,,,
Ziesche S.,Ziesche S.,,,,,,,
Zilly,Zilly,,,,,,,
Zimmerman Ryan,Zimmerman,Ryan,,,,,1,Virginia
Zinovyev D.,Zinovyev D.,,,,,,,
Zizakovic S.,Zizakovic S.,,,,,,,
Znarok O.,Znarok O.,,,,,,,
Zolotov,Zolotov,,,,,,,
Zorich,Zorich,Chris,,,,,,NotreDame
Zorn,Zorn,Jim,,,,,,
Zubov,Zubov,Sergei,,,1,,,
Zubrus,Zubrus,,,,,,,
Zuger,Zuger,,,,,,,
Zyuzin A.,Zyuzin A.,,,,,,,
